X1,X2,color
0.0,0.0,0
0.00020875533,0.0009789914,0
0.0009762641,0.0017478331,0
0.0027416172,0.0012253826,0
0.003311466,0.0022508313,0
-0.0021254371,0.0045312904,0
0.003062647,0.0051664594,0
-3.9298815e-05,0.0070068967,0
0.00022796242,0.008004762,0
0.002622634,0.008618819,0
0.001714447,0.009862098,0
0.008179008,0.0073719868,0
0.0057655997,0.010537851,0
0.0024699874,0.01277645,0
0.004963938,0.013105415,0
0.0046802615,0.014266949,0
0.012617129,0.009865132,0
0.0011493221,0.01697816,0
0.005952927,0.017006224,0
-0.0044627977,0.01848801,0
-0.017621728,0.009501363,0
0.010753877,0.018062044,0
0.013370137,0.017498827,0
-0.0032321338,0.02279502,0
0.023565548,0.0046710474,0
-0.011487894,0.022232413,0
0.007270931,0.02498975,0
0.004750286,0.026606295,0
0.024265585,0.014026821,0
0.024811067,0.015069689,0
0.011076648,0.027912552,0
0.014860497,0.027241338,0
-0.003948214,0.031787775,0
-0.02025488,0.026094465,0
0.005636636,0.033564024,0
0.01455809,0.031867158,0
0.029837318,0.020207185,0
0.030583953,0.020889325,0
0.007061151,0.0373769,0
0.0092508225,0.03792715,0
-0.004947328,0.03973322,0
-0.012112716,0.03921287,0
-0.017629778,0.038167056,0
0.0424586,0.007068995,0
0.008128344,0.0432875,0
0.010331234,0.04384429,0
-0.007605735,0.045413557,0
0.035630167,0.030723212,0
-0.0154090095,0.045510188,0
0.018380824,0.045474768,0
0.002639776,0.049980387,0
0.033042423,0.038915396,0
0.01363884,0.050233435,0
-0.0031699196,0.05295827,0
0.027160361,0.046734948,0
0.038116403,0.03972655,0
0.03136507,0.04645981,0
0.03769998,0.042827785,0
0.015117369,0.05605536,0
0.023499237,0.054182637,0
0.01569379,0.057973407,0
0.025500854,0.055481166,0
0.01318302,0.060645755,0
-0.014531079,0.061366096,0
0.042691518,0.047766503,0
0.02828701,0.058594435,0
-0.010162634,0.06527975,0
0.052621283,0.04158115,0
0.015321181,0.066321366,0
0.045369573,0.05207819,0
0.06130487,0.033934165,0
0.049739834,0.050764613,0
0.06925778,0.019943513,0
0.00826277,0.07260441,0
0.059902523,0.043573573,0
0.02981168,0.06890233,0
0.024317868,0.07208475,0
0.035684574,0.06831901,0
0.045683555,0.06331824,0
0.057757527,0.054014526,0
0.017337171,0.07818083,0
0.07722681,0.024701452,0
0.071348585,0.04058137,0
0.0052066413,0.08291978,0
0.084075645,-0.0011914804,0
0.082883134,-0.019231686,0
0.08546137,0.010352191,0
0.061302774,0.061855722,0
0.02983292,0.082882494,0
0.08805273,0.013549301,0
0.057990238,0.06894459,0
0.09098326,0.004431009,0
0.07871521,0.047800306,0
0.092026144,0.014053937,0
0.0846582,0.04106931,0
0.09173663,0.025049314,0
0.079061896,0.054623038,0
0.0929559,-0.028054357,0
0.08481972,0.049283385,0
0.092073485,0.036648404,0
0.09326148,-0.03636381,0
0.033442363,0.095409855,0
0.03841903,0.09459819,0
0.10294682,0.005674701,0
0.04570114,0.09353647,0
0.094546966,-0.045912467,0
0.08001245,0.06968869,0
0.06878244,0.08210304,0
0.09629965,-0.04912984,0
0.105426446,-0.02810805,0
0.09846397,-0.049285736,0
0.111108646,0.0007403134,0
0.07140747,0.08642974,0
0.09842105,-0.055748302,0
0.09646145,0.060968995,0
0.11509559,0.0021199544,0
0.11587846,-0.0074252966,0
0.10403707,0.0537839,0
0.11771564,0.0097425785,0
0.11872374,-0.009697253,0
0.11814958,0.021668399,0
0.07440588,0.09557244,0
0.11967673,0.024316497,0
0.116731554,-0.039154157,0
0.09676176,0.07774291,0
0.11552074,0.04807552,0
0.10900621,0.0634464,0
0.10308746,-0.07439275,0
0.12798885,-0.005972746,0
0.1287586,0.009775286,0
0.10324277,0.079213515,0
0.13112439,-0.0013295913,0
0.11004025,0.073144,0
0.12982033,0.029514603,0
0.11453607,0.06981013,0
0.1341831,-0.016012516,0
0.13571304,-0.010724635,0
0.13086642,0.040994816,0
0.13813305,-0.0011863719,0
0.10405918,0.0923655,0
0.0854535,0.111071855,0
0.14088452,-0.008507194,0
0.1418323,0.009379984,0
0.14087762,-0.025366394,0
0.07018902,-0.1259009,0
0.13620074,-0.050164446,0
0.12337496,0.078341015,0
0.13190487,-0.065217994,0
0.10867378,0.10068706,0
0.14203532,0.045513034,0
0.14934795,0.015500209,0
0.10559104,-0.10815361,0
0.13882574,0.062271092,0
0.1377404,0.06695871,0
0.15367965,0.012085764,0
0.1456961,0.053345744,0
0.13279258,-0.08216373,0
0.13486043,0.08069101,0
0.13375197,0.08440624,0
0.15604591,0.031325918,0
0.15636218,0.034672007,0
0.086317495,-0.13609633,0
0.14027923,-0.08135295,0
0.16227119,-0.017037535,0
0.14064674,0.08466621,0
0.14470494,-0.079624206,0
0.15244459,0.0661199,0
0.13087232,0.10400623,0
0.1280897,-0.10896589,0
0.16261053,-0.046647877,0
0.14127482,-0.0948647,0
0.16351193,-0.050630197,0
0.14407776,-0.0942595,0
0.1708332,0.028371908,0
0.16384165,0.05909785,0
0.15186758,-0.08730738,0
0.17227854,0.03685306,0
0.17534848,0.025390267,0
0.1781531,0.0029898298,0
0.17447156,-0.040802598,0
0.17991745,-0.009726534,0
0.16342202,0.07822958,0
0.18172598,0.012884765,0
0.12080611,0.13770244,0
0.1536926,-0.10150073,0
0.16070971,0.09201055,0
0.17987445,0.048067447,0
0.17725867,-0.060153194,0
0.18786411,0.011039545,0
0.087060325,-0.16796741,0
0.1808131,0.05898244,0
0.17005631,-0.08737804,0
0.18172932,-0.06254833,0
0.18841322,0.042709153,0
0.15659514,-0.11484489,0
0.18674146,-0.05682245,0
0.13988346,-0.13757022,0
0.13554841,-0.14322487,0
0.015442341,-0.1975957,0
0.09222214,-0.17656556,0
0.19414303,-0.04887338,0
0.19089049,-0.06358256,0
0.109070666,-0.1702625,0
0.14318699,-0.14418401,0
0.1435378,-0.14524549,0
0.19431677,0.06595581,0
0.18298922,-0.09505757,0
0.20539753,-0.027325457,0
0.16559379,-0.12621154,0
0.18631344,-0.09516194,0
0.115972966,-0.17532428,0
0.16155346,-0.13605386,0
0.12438954,-0.1719339,0
0.20183784,-0.06871218,0
0.21316272,-0.021198735,0
0.2001543,-0.07909389,0
0.18051769,-0.11900764,0
0.1527404,-0.1544464,0
-0.03697117,-0.21506353,0
0.18089634,-0.123828836,0
0.21763311,-0.03365671,0
0.19739138,-0.09987729,0
0.20294236,-0.09053793,0
0.13837685,-0.17515837,0
0.22312737,0.02215138,0
0.17034823,-0.14733596,0
0.16245444,-0.15743844,0
0.15542307,-0.1657585,0
0.20905475,-0.09156545,0
0.18886231,-0.12991177,0
0.23018657,-0.00448357,0
0.20349206,-0.10981286,0
0.2059786,-0.10725963,0
0.13193108,-0.19233286,0
0.2298648,-0.045031622,0
0.09131044,-0.21679026,0
0.0075554405,-0.23611538,0
0.2308038,0.054873604,0
0.12372714,-0.20359041,0
0.095526695,-0.21934006,0
0.20932883,-0.11788476,0
0.19306837,-0.14464419,0
0.1713275,-0.17125475,0
0.18403117,-0.15905912,0
0.18408413,-0.16052502,0
0.2450116,-0.010702593,0
0.025309818,-0.24494208,0
0.031882737,-0.24518298,0
0.21726005,-0.12010522,0
0.2448349,-0.046701822,0
0.092487656,-0.23253219,0
0.19943441,-0.15281723,0
0.1314388,-0.2153022,0
0.17606644,-0.18203796,0
0.063711375,-0.24614242,0
0.061087713,-0.24783772,0
0.20721786,-0.15075816,0
0.24498732,-0.078501634,0
0.25201568,-0.056439504,0
0.06258572,-0.2515917,0
0.23576091,-0.11023701,0
0.18418272,-0.18529484,0
0.19123714,-0.17947103,0
0.1342776,-0.22644441,0
0.26284444,-0.027356796,0
0.10196623,-0.24488476,0
0.057323344,-0.2600226,0
0.11012897,-0.2435229,0
0.15463787,-0.21921448,0
0.10490796,-0.24799246,0
0.064077705,-0.2625644,0
0.26321113,0.0656354,0
-0.14441644,-0.23081613,0
0.057985272,-0.26705053,0
0.18189213,-0.20528428,0
0.15184996,-0.22960415,0
0.036351427,-0.27387434,0
0.114799835,-0.2523959,0
0.27291524,-0.05436982,0
-0.17635629,-0.2165534,0
0.10761097,-0.258799,0
-0.05071919,-0.27667078,0
0.17413926,-0.22216842,0
-0.12561804,-0.2539085,0
0.044050165,-0.28085074,0
-0.004473698,-0.28525022,0
0.20563959,-0.19917881,0
-0.09495375,-0.27114162,0
-0.024819493,-0.28721792,0
-0.11324671,-0.26620194,0
0.15240696,-0.2470639,0
0.13171229,-0.2598124,0
-0.23488072,-0.17397077,0
0.19747537,-0.21685117,0
0.07753971,-0.2838956,0
-0.10947786,-0.27425155,0
0.03834172,-0.29380506,0
-0.036433287,-0.29505643,0
0.1046176,-0.2793511,0
-0.010900548,-0.29910073,0
0.21371062,-0.21096928,0
-0.19421554,-0.23035364,0
0.053422462,-0.29754448,0
0.13155733,-0.2732866,0
-0.070749156,-0.29596564,0
0.09571985,-0.28991213,0
0.20781533,-0.22502519,0
0.2076395,-0.22654717,0
-0.087681845,-0.29557726,0
0.039571393,-0.30676758,0
0.03262777,-0.3085902,0
-0.15208168,-0.2716356,0
0.17164609,-0.26091492,0
0.114407666,-0.2916781,0
0.059635557,-0.30860507,0
-0.018509807,-0.31477156,0
-0.00015334447,-0.31631628,0
0.03542211,-0.31533402,0
-0.0034305546,-0.31829983,0
0.0006552738,-0.31931865,0
0.0941076,-0.30618438,0
0.10560289,-0.30347228,0
-0.06999069,-0.3146315,0
0.11202534,-0.30329573,0
0.14891033,-0.288118,0
0.014467496,-0.32500347,0
-0.0139746005,-0.32602698,0
-0.31164944,-0.10008903,0
0.06865505,-0.32107005,0
-0.19224368,-0.26739517,0
-0.16850257,-0.28412148,0
0.13593583,-0.30216205,0
-0.17887728,-0.28008515,0
0.12986742,-0.3069944,0
0.3020666,-0.14330117,0
-0.16514114,-0.29185304,0
0.20519556,-0.26648998,0
-0.14892784,-0.30268297,0
0.033849757,-0.3366408,0
-0.2995347,-0.15946834,0
-0.24321038,-0.23807617,0
-0.015398772,-0.34099382,0
0.021241708,-0.3416827,0
0.10643803,-0.32642856,0
-0.027995072,-0.34320447,0
-0.05899911,-0.34026828,0
-0.048167005,-0.34298065,0
-0.13853003,-0.31852725,0
-0.20555161,-0.28123853,0
-0.17562057,-0.30199733,0
0.0070629856,-0.35027915,0
0.11947861,-0.33041283,0
-0.30809674,-0.1709637,0
-0.016677827,-0.35295954,0
-0.026835784,-0.35333672,0
-0.053583637,-0.35129222,0
0.17070994,-0.3128066,0
-0.068540454,-0.35072282,0
-0.07195433,-0.35106024,0
-0.24813764,-0.25993627,0
-0.26131216,-0.2481442,0
-0.16491291,-0.32153657,0
-0.29431954,-0.21138234,0
-0.22336459,-0.28660285,0
-0.17283124,-0.32076588,0
-0.204041,-0.30308267,0
-0.15164243,-0.33350995,0
-0.1206598,-0.34698704,0
-0.14623493,-0.3380985,0
0.0043971026,-0.3693432,0
-0.23925906,-0.28271773,0
-0.028033858,-0.37031177,0
-0.31393206,-0.20026946,0
-0.16823353,-0.3333244,0
-0.21962145,-0.3031874,0
-0.28424987,-0.24517071,0
-0.3047934,-0.22081704,0
0.05756243,-0.37296146,0
-0.19412863,-0.3247834,0
-0.33676898,-0.17468646,0
0.07065814,-0.37376016,0
-0.29048055,-0.24712914,0
0.16478963,-0.34505168,0
-0.0690095,-0.37712133,0
-0.25390953,-0.288585,0
0.0446414,-0.38279113,0
-0.08790524,-0.37625405,0
0.0014086607,-0.38738483,0
-0.38838455,-0.0017234982,0
-0.2885001,-0.26151824,0
-0.33784547,-0.19561467,0
-0.2402727,-0.30895996,0
-0.22337648,-0.32260618,0
0.0062530553,-0.3933437,0
-0.24069683,-0.31242916,0
-0.16540909,-0.35913417,0
-0.3763404,-0.12449099,0
-0.39181152,-0.06639589,0
-0.39839366,0.0019459093,0
-0.38247916,-0.11501987,0
-0.21373251,-0.33858368,0
-0.12415958,-0.3817165,0
-0.3838263,-0.1208515,0
-0.35397947,-0.19347571,0
-0.0073525314,-0.40433756,0
-0.35948128,-0.18742135,0
-0.39465487,-0.09702423,0
-0.33419836,-0.23300698,0
-0.30681968,-0.26955354,0
-0.21353118,-0.34931433,0
-0.09725424,-0.39872086,0
-0.40336305,-0.08097901,0
-0.30376762,-0.27894306,0
-0.31752685,-0.26474017,0
-0.39613527,0.12172163,0
-0.40576363,-0.089027226,0
-0.38930872,-0.14778821,0
-0.372687,-0.18799385,0
-0.4072283,0.096120164,0
-0.39518532,0.1405034,0
-0.42002395,-0.018254044,0
-0.41241947,-0.08663835,0
-0.014921103,-0.4221588,0
-0.3872605,-0.17122124,0
-0.36550832,-0.21573077,0
-0.38996986,-0.17003028,0
-0.4263097,0.009976765,0
0.10041984,-0.41546366,0
-0.32413158,-0.28016,0
-0.4123305,-0.119971596,0
-0.34485853,-0.25757125,0
-0.19318159,-0.38576412,0
-0.43196666,0.020065054,0
-0.4210496,-0.10286772,0
-0.2855436,-0.32741126,0
-0.4267015,-0.08677481,0
-0.43557698,0.027376367,0
-0.41306743,-0.14396808,0
-0.4372937,0.031661786,0
-0.4224633,-0.12096194,0
-0.38533452,-0.21331924,0
-0.28205186,-0.339584,0
-0.41843578,-0.14375958,0
-0.43621475,-0.07974201,0
-0.43803978,0.075179815,0
-0.42346048,-0.13821311,0
-0.44636402,-0.008578703,0
-0.33632848,-0.29511416,0
-0.3651859,-0.2602792,0
-0.4327939,-0.121219836,0
-0.33409795,-0.3021327,0
-0.44132066,0.09510249,0
-0.4520205,0.019766198,0
-0.4531208,-0.017365994,0
-0.45445386,0.00073058996,0
-0.29967228,0.34298134,0
-0.42351183,-0.17026514,0
-0.14921412,-0.43243784,0
-0.45827678,-0.01290587,0
-0.4547634,-0.06552274,0
-0.42987278,-0.16502492,0
-0.3841672,-0.2556604,0
-0.44078955,-0.13991459,0
-0.4634248,0.0059854044,0
-0.44100976,-0.14573137,0
-0.19077703,0.42457297,0
-0.40294692,-0.23499946,0
-0.42407534,-0.1966874,0
-0.18190454,-0.43170992,0
-0.46673176,0.05062656,0
-0.2478748,-0.39987567,0
-0.45471573,-0.124575146,0
-0.46875662,-0.059139542,0
-0.44753817,-0.15455326,0
-0.29427153,0.37219658,0
-0.40792623,0.2442808,0
-0.36073706,0.3112854,0
-0.4436245,-0.17658442,0
-0.38472846,0.28447437,0
-0.45354474,0.15555626,0
-0.4266004,0.22107375,0
-0.39266443,0.27863786,0
-0.45454866,-0.16178644,0
-0.48153916,-0.043316577,0
-0.409513,0.25889057,0
-0.18253216,-0.4498646,0
-0.29890925,0.38382596,0
-0.44125178,0.20722191,0
-0.48302925,0.07282682,0
-0.46866223,0.14126453,0
-0.46521127,-0.15543294,0
-0.49130493,0.013540964,0
-0.35606635,0.34024346,0
-0.31763002,0.37768638,0
0.004881429,0.4944704,0
-0.48505932,0.10115943,0
-0.49503678,-0.038044196,0
-0.49749005,0.0027208051,0
-0.48463106,-0.11676257,0
-0.4847428,0.120516345,0
-0.4430175,0.23288675,0
-0.48120052,0.14124386,0
-0.32754308,0.38108304,0
-0.4929054,0.10276205,0
-0.49814627,0.079844154,0
-0.50482136,0.026290512,0
-0.45303464,-0.22651368,0
-0.4631513,-0.20749639,0
-0.49659565,-0.10942422,0
-0.26080963,0.43769655,0
-0.34061512,0.3802661,0
-0.23647216,0.4535691,0
-0.49614966,-0.12847021,0
-0.4346492,-0.27345237,0
-0.5118021,0.052762136,0
-0.44461426,0.26091075,0
-0.39434686,0.33358636,0
-0.28535163,0.4317393,0
-0.4235313,0.29913658,0
-0.111678384,0.5073741,0
-0.48309624,0.19380306,0
-0.52096295,0.02413085,0
-0.4947043,-0.16821845,0
-0.52191705,0.040981647,0
-0.41631943,0.31906754,0
-0.5229779,0.051683802,0
-0.27500612,0.4490009,0
-0.15677482,0.5036933,0
-0.43263215,-0.30359814,0
-0.2794207,0.44980618,0
-0.45857853,-0.266774,0
-0.3689175,0.38265607,0
-0.18031354,0.50107676,0
-0.42299595,0.32516527,0
-0.5345219,-0.0036819763,0
-0.5030214,0.1837601,0
-0.46504146,0.2675965,0
-0.45201188,0.29091555,0
-0.4529457,0.29131415,0
-0.43657705,0.3170227,0
-0.37669265,0.3876683,0
-0.53890383,0.053384736,0
-0.45020804,0.3027625,0
-0.04810539,0.5414106,0
-0.46685502,0.28031257,0
-0.47312328,0.27161425,0
-0.15031683,0.5254693,0
-0.47612,-0.27040353,0
-0.11274602,0.53683686,0
-0.49066713,0.24748832,0
-0.35286704,0.4226,0
-0.36348104,0.4148381,0
-0.15611012,0.53004146,0
-0.4271552,0.35207948,0
-0.48821607,0.26301298,0
-0.043680888,0.5538357,0
-0.52672225,-0.17977446,0
-0.3580967,0.4273607,0
-0.54750943,0.11054901,0
-0.49040908,0.2694547,0
0.18061055,0.5306675,0
-0.35739738,0.43314952,0
-0.2988373,0.47662657,0
-0.5632666,0.018293003,0
-0.47569266,0.3040553,0
-0.28554666,0.488188,0
-0.24139522,0.51256806,0
-0.16722137,0.5423744,0
-0.31783286,0.47143665,0
-0.18132198,0.5399369,0
-0.19596288,0.53586316,0
-0.5693369,0.05049333,0
-0.29386765,0.4914073,0
-0.09336109,0.56592435,0
-0.13797253,0.557763,0
-0.37489972,0.43673497,0
-0.45880657,0.3491949,0
-0.50569594,0.27904746,0
-0.30876625,0.48930213,0
0.045826096,0.57776505,0
-0.57657635,0.06806985,0
-0.4161118,0.40631035,0
-0.498624,0.3012915,0
-0.03200557,0.58270526,0
-0.38304055,0.44160965,0
-0.36025625,0.46165562,0
-0.29440787,0.5073537,0
-0.10786105,0.5776029,0
-0.32917455,0.48793507,0
-0.5559239,-0.1963785,0
-0.06226429,0.5872992,0
-0.08708876,0.58514625,0
-0.26680666,0.52913153,0
-0.46099108,0.37395266,0
-0.095521696,0.5868716,0
-0.08170241,0.5899651,0
-0.3129698,0.5079148,0
-0.24125978,0.54673266,0
-0.41337457,0.43294543,0
-0.22044452,0.5576055,0
-0.5216888,0.2975934,0
-0.035179555,0.6005721,0
-0.4015625,0.44930774,0
-0.07710894,0.5986581,0
-0.48829642,0.3565296,0
-0.3020469,0.52490556,0
-0.16318263,0.5842457,0
-0.5232202,0.3089137,0
-0.08464104,0.6026942,0
-0.22422627,0.56687427,0
-0.52912754,0.30474472,0
-0.44663057,0.41783956,0
0.08882148,0.60613936,0
0.18176241,0.5860752,0
-0.12390769,0.60199505,0
0.04634384,0.6138688,0
-0.0031431017,0.6166086,0
0.035679884,0.61658615,0
0.32122818,0.52867895,0
-0.46159738,0.41334772,0
0.16029984,0.59956145,0
-0.15858917,0.6010515,0
-0.1047774,0.6137431,0
-0.12271746,0.61143017,0
-0.13906096,0.60894823,0
-0.3736344,0.5018015,0
0.046797078,0.62487674,0
0.46253675,0.424236,0
-0.015692418,0.62843275,0
0.007818834,0.6295811,0
-0.19869165,0.598512,0
-0.01617196,0.63142455,0
0.17253472,0.6086508,0
-0.08337824,0.62812394,0
-0.103451975,0.626146,0
0.17248459,0.6117857,0
-0.23366897,0.59220356,0
0.13880254,0.6223469,0
0.31364095,0.55631703,0
0.45580187,0.44875777,0
0.049938533,0.6386913,0
0.46783134,0.43913305,0
0.39424145,0.5075069,0
-0.21759044,0.6057488,0
-0.27790433,0.58166647,0
0.013421572,0.64550614,0
0.41546682,0.49551913,0
0.10135793,0.63966715,0
-0.06283812,0.64559776,0
0.5429217,0.35676417,0
0.23332681,0.6073754,0
-0.52119255,0.3911626,0
0.25530955,0.6006434,0
0.3210204,0.5693935,0
0.24049187,0.60888124,0
0.31331757,0.5759483,0
0.16229622,0.6362845,0
-0.23524593,0.6141441,0
0.07757371,0.65407455,0
-0.104702815,0.65129733,0
-0.09411958,0.653922,0
-0.19433483,0.63247937,0
0.35741875,0.5580087,0
0.25990877,0.61065286,0
0.09234042,0.6582191,0
0.032473158,0.6648731,0
0.2421766,0.6211239,0
0.53644603,0.39749938,0
-0.3767893,0.55240166,0
0.37920082,0.551964,0
0.100665,0.66307294,0
-0.3271686,0.5866034,0
-0.33965796,0.5806212,0
-0.0019134528,0.67367095,0
0.3659577,0.5667988,0
0.41963962,0.52956605,0
0.009534498,0.6766095,0
0.57101446,0.36495137,0
0.63619465,0.23634952,0
0.4438905,0.5147093,0
0.15380114,0.66307724,0
0.60622853,0.31173208,0
0.5436969,0.4128551,0
0.5705832,0.37664065,0
0.15971012,0.6657971,0
-0.512238,0.45582566,0
0.6849429,-0.048906095,0
-0.1445305,0.67232823,0
0.38076276,0.573857,0
0.67100704,-0.15944086,0
0.49015287,0.4866249,0
0.6190405,0.3085875,0
-0.0742913,0.6886973,0
-0.16157693,0.67461383,0
0.26886886,0.64055467,0
0.6531231,0.23963039,0
0.34051085,0.60781467,0
0.20383196,0.66725904,0
0.5025697,0.48539013,0
0.6650511,0.217455,0
0.0009470425,0.70070004,0
0.0899626,0.69591093,0
0.24062984,0.6602184,0
0.6782794,0.18744585,0
0.5437142,0.4483119,0
0.680298,-0.18765719,0
0.6711213,0.22142845,0
0.49587363,0.5049352,0
0.7023217,0.09493277,0
0.5645001,0.43014824,0
0.3227966,0.63317615,0
0.6563922,0.2751051,0
0.33904922,0.62690115,0
0.46454754,0.54183286,0
0.71405584,0.030682651,0
0.5249162,0.4865306,0
0.3324967,0.63492423,0
0.44107774,0.5661883,0
0.7100023,0.11159429,0
0.42850846,0.5782534,0
0.48094165,0.53678066,0
0.45318788,0.5616965,0
0.62181246,0.36834416,0
0.49927402,0.5239289,0
0.11771063,0.7151015,0
0.36718,0.62598455,0
0.35963663,0.6315008,0
0.7269925,-0.032704245,0
0.71937937,0.1163568,0
0.70462716,0.18975261,0
0.50944376,0.5238649,0
0.4288675,0.59287775,0
0.5206967,0.515531,0
0.3697943,0.63373286,0
0.54160345,-0.49648848,0
-0.03566097,0.734871,0
0.7213686,0.14969409,0
0.3221626,0.6636778,0
0.6415441,0.36627322,0
0.4299419,0.6019675,0
0.37791973,0.63708204,0
0.39659756,0.6268103,0
0.6684969,-0.32369527,0
0.65865034,0.34544823,0
0.5245102,0.52870953,0
0.7405044,0.08826097,0
0.69310564,0.27791232,0
0.7476461,0.012327752,0
0.21566558,0.71701676,0
0.7340992,0.15239112,0
0.750154,-0.029926986,0
0.2951904,0.6913706,0
0.748813,0.07691464,0
0.6497157,-0.38211805,0
0.7178835,0.23301932,0
0.7508262,-0.08617907,0
0.75585324,-0.036968853,0
0.61221904,0.4465251,0
0.7358213,0.18515353,0
0.38468352,0.6551744,0
0.6775709,0.34591126,0
0.75768375,0.07871683,0
0.75580245,-0.10280881,0
0.7479205,0.15475774,0
0.7557542,-0.11705028,0
0.5614612,0.5207288,0
0.7453038,0.18014848,0
0.7571293,0.12736788,0
0.55802417,-0.5287858,0
0.74322724,0.20039661,0
0.7111865,0.29715532,0
0.7656934,0.09667092,0
0.6439239,0.42724678,0
0.7736211,0.015371527,0
0.742697,0.2206289,0
0.42443526,0.649371,0
0.7716007,0.08952389,0
0.7564045,0.1810815,0
0.4947545,0.60142696,0
0.77664125,0.06989203,0
0.5979258,-0.502099,0
0.7621655,-0.17403035,0
0.75233877,-0.21618335,0
0.60603774,0.49702644,0
0.7637023,-0.18068205,0
0.78339046,-0.0613083,0
0.7564907,-0.21622956,0
0.7660963,-0.18359217,0
0.62985396,0.47483867,0
0.78957695,-0.018334,0
0.74939114,0.25251332,0
0.79119295,-0.030788373,0
0.7377711,0.29019687,0
0.58608925,-0.5353578,0
0.7504765,0.26169422,0
0.74877065,0.269506,0
0.7876966,-0.12007981,0
0.73022145,0.3213378,0
0.7963498,0.062502205,0
0.77061737,0.2140762,0
0.52270764,-0.60667837,0
0.68063146,-0.42382416,0
0.7943419,-0.11624648,0
0.80375016,0.009285436,0
0.6335501,-0.49631143,0
0.7400841,-0.31874526,0
0.72182286,-0.36042887,0
0.78989214,-0.16918577,0
0.66293454,0.46334592,0
0.7955586,-0.15125631,0
0.81075126,0.009825552,0
0.6760704,-0.4494077,0
0.5778009,-0.5716737,0
0.81299657,0.036462143,0
0.7037029,-0.41076192,0
0.3167017,-0.75183475,0
0.8166588,0.016065625,0
0.32271573,-0.75145227,0
0.8153495,0.075295545,0
0.76850253,-0.28549677,0
0.7714349,-0.28041938,0
0.7662111,-0.29717276,0
0.82200485,0.036679495,0
0.8205877,-0.07294871,0
0.8233204,-0.04979446,0
0.696261,-0.4440821,0
0.69192487,-0.45263955,0
0.027749846,-0.8273626,0
0.36125454,-0.7459574,0
0.81499106,-0.15622774,0
0.6777551,-0.4805495,0
0.47509697,-0.6828082,0
0.73497385,-0.3916937,0
0.7509915,-0.36234048,0
0.72442174,-0.41492456,0
0.4943048,-0.67400616,0
0.83343285,-0.07540241,0
0.7836678,-0.29637313,0
0.60243124,-0.5837184,0
0.642269,-0.5411298,0
0.6568609,-0.52492577,0
0.7819335,-0.31189373,0
0.41151673,-0.7355529,0
-0.06793563,-0.84110475,0
0.59001684,-0.6046842,0
0.73907757,-0.41136304,0
0.46298626,-0.7090792,0
0.79500204,-0.2946485,0
0.8203928,-0.21794498,0
0.6708945,-0.5216755,0
0.68405026,0.5059866,0
0.84858835,-0.07449434,0
0.7482173,-0.40930298,0
0.8538275,-0.0067133284,0
0.8413108,-0.15156834,0
0.75667375,-0.39991754,0
0.85196596,0.091420025,0
0.7437992,-0.42741415,0
0.76690567,-0.3866449,0
0.624843,-0.5907032,0
0.2038573,-0.8363753,0
0.5682383,-0.6480055,0
0.6102705,-0.61000186,0
0.5802004,-0.6400221,0
0.5319239,-0.68194443,0
0.8281324,-0.25282487,0
0.6299468,-0.5955041,0
0.48409015,-0.7203134,0
0.8591996,-0.12926395,0
0.25145125,-0.832734,0
0.15195261,-0.8575118,0
0.7437252,-0.45500928,0
0.6362396,-0.59758365,0
0.7885187,-0.37668794,0
0.2804651,-0.828701,0
0.81527644,-0.32012942,0
0.60868996,-0.631197,0
0.7723644,-0.41728023,0
0.5038499,-0.72011346,0
0.87887895,-0.041956566,0
-0.041616444,-0.87989724,0
0.78119034,-0.4092155,0
0.47345623,-0.7451989,0
0.56412375,-0.6804521,0
0.72335756,-0.5096814,0
0.75010645,-0.47131106,0
0.07768897,-0.8834777,0
0.6423013,-0.61302036,0
0.3463985,-0.8186156,0
0.71155524,-0.53440917,0
0.66307443,-0.59499484,0
0.2376682,-0.8596423,0
0.027358241,-0.89247364,0
0.48500276,-0.7508786,0
0.8297204,-0.3352625,0
-0.45534486,-0.7715507,0
0.6936012,-0.5686312,0
0.8421591,-0.3114301,0
-0.68205786,-0.5855052,0
0.5285667,-0.72831106,0
0.821067,-0.37077138,0
0.6131056,-0.6614594,0
0.18996406,-0.88269323,0
0.2589784,-0.86600953,0
0.65014285,-0.6294181,0
-0.47013596,-0.7743628,0
0.52435726,-0.73995245,0
0.73213863,-0.5369077,0
-0.13102272,-0.8994156,0
-0.30245873,-0.85816944,0
0.6036586,-0.6821693,0
0.7704521,-0.487839,0
-0.19884183,-0.8909949,0
0.88284487,-0.23627017,0
0.71034354,-0.576612,0
-0.19818518,-0.8942173,0
0.25628862,-0.8803708,0
0.33839995,-0.8532636,0
0.05435031,-0.91731024,0
0.27358216,-0.8782969,0
0.70085603,-0.5974079,0
-0.3863985,-0.8370402,0
-0.41547436,-0.82411635,0
0.07648022,-0.92075306,0
0.14092703,-0.9141256,0
-0.7812807,-0.49692988,0
0.26836368,-0.88722855,0
0.25223243,-0.8929888,0
-0.043413423,-0.9279139,0
-0.5328656,-0.76211804,0
-0.5860262,-0.7233296,0
0.21676266,-0.9063725,0
-0.054747548,-0.93132514,0
0.6531418,-0.66756153,0
0.21443355,-0.9100119,0
0.43680793,-0.82775295,0
0.49675447,-0.7944091,0
-0.6698158,-0.65656257,0
0.39272317,-0.8528627,0
0.2698419,-0.9003735,0
-0.15692347,-0.9277634,0
-0.5652051,-0.7535236,0
-0.22890799,-0.91473633,0
-0.9292862,-0.16570279,0
0.011965046,-0.94486916,0
-0.15447772,-0.9332472,0
-0.1718525,-0.93122244,0
-0.6614134,-0.6790711,0
-0.29700378,-0.9012729,0
-0.015774798,-0.94981897,0
0.36067203,-0.8798996,0
-0.20492204,-0.92963403,0
-0.6871977,-0.6602111,0
0.08614789,-0.95005614,0
-0.36239445,-0.88352096,0
-0.24377598,-0.92435116,0
-0.5216718,-0.80226254,0
0.2347513,-0.9287493,0
-0.933121,-0.22110505,0
0.43026108,-0.85813665,0
-0.0019758404,-0.96095896,0
-0.59274524,-0.75764364,0
-0.33310735,-0.9035138,0
-0.5678012,-0.7789919,0
0.022365388,-0.96470577,0
-0.18952075,-0.9471917,0
-0.24017546,-0.93666476,0
-0.83455,-0.49039602,0
-0.55519104,-0.7941434,0
-0.60481143,-0.7583172,0
0.042739317,-0.9700299,0
-0.68314147,-0.6914096,0
-0.3947334,-0.8893042,0
-0.8245509,-0.5184024,0
-0.94730896,-0.23061219,0
-0.17626363,-0.9599272,0
-0.13811046,-0.9671657,0
0.07525005,-0.97507864,0
-0.28296238,-0.93719375,0
-0.17930935,-0.963436,0
-0.5250538,-0.82863873,0
-0.31146875,-0.93127644,0
-0.21859318,-0.95836973,0
-0.7988708,-0.5744823,0
0.043195672,-0.9840374,0
-0.59798855,-0.78395027,0
-0.23664232,-0.9581982,0
-0.72053146,-0.6759842,0
-0.90581435,-0.3969881,0
-0.31477323,-0.9386149,0
-0.64268494,-0.7543336,0
-0.5473955,-0.8272885,0
-0.104508035,-0.9874782,0
-0.5900595,-0.79990864,0
-0.6176691,-0.78006405,0
-0.6727768,-0.73442453,0
-0.4300582,-0.8994737,0
-0.5654035,-0.8223861,0
0.008584722,-0.9989621,0
-0.38588324,-0.92254764,0
-0.0,-0.0,1
-0.00085891323,-0.000514073,1
-0.0007501714,-0.0018561397,1
-0.0018355144,-0.0023767443,1
-0.002668026,-0.0029855797,1
-0.003322786,-0.0037428825,1
-0.0047257547,-0.0037066631,1
0.0018267236,-0.0067647044,1
-0.004722017,-0.0064676697,1
-0.006366704,-0.0063739563,1
-0.0017443713,-0.009856849,1
-0.010998079,-0.00053350924,1
-0.00841462,-0.0085722,1
-0.012967411,-0.0010884594,1
-0.0044096797,-0.013302155,1
-0.0040298915,-0.014464116,1
-0.012006144,-0.010600249,1
0.0015964314,-0.016941968,1
-0.01368868,-0.011716187,1
-0.01382786,-0.013058076,1
-0.019198079,-0.005677587,1
-0.01906472,-0.008855491,1
-0.012191807,-0.018339282,1
-0.0058454047,-0.022268606,1
-0.023902033,0.002417967,1
-0.010418888,-0.022752993,1
-0.00800685,-0.024763772,1
-0.008066115,-0.025795309,1
-0.027684875,-0.004372416,1
-0.016535964,-0.023858886,1
-0.014362102,-0.026372954,1
-0.025319891,-0.017939566,1
-0.02280068,-0.022498446,1
-0.017728368,-0.02787268,1
-0.032725114,-0.009347856,1
-0.034813304,-0.0039354363,1
-0.035670493,-0.0051197414,1
-0.03596007,-0.008866531,1
-0.034826368,-0.015297597,1
-0.0030290522,-0.03892135,1
-0.038897626,0.009496291,1
-0.037233245,-0.017264197,1
-0.04050681,-0.011257512,1
-0.04304178,-0.00032982248,1
-0.043470606,0.0070840763,1
-0.042527292,-0.0148487585,1
-0.0437469,-0.014368263,1
-0.031933915,-0.034549236,1
-0.04219951,-0.02297425,1
-0.029238015,-0.039382074,1
-0.032842103,-0.03776776,1
-0.030444251,-0.040979963,1
-0.044292033,-0.027342858,1
-0.052959163,0.0031549458,1
-0.02304051,0.0488976,1
-0.051712044,-0.018892424,1
-0.024965113,-0.050189886,1
-0.05583327,0.011753888,1
-0.04902318,-0.03110411,1
-0.043800417,-0.039616864,1
-0.057551343,-0.017177125,1
-0.032719888,-0.051554456,1
-0.059916355,-0.016178075,1
-0.057858262,-0.02508728,1
-0.06109297,-0.019283501,1
-0.06429289,-0.009994317,1
-0.063092485,-0.019597532,1
-0.063730985,-0.020889059,1
-0.06705509,-0.011699446,1
-0.06874316,-0.0067017977,1
-0.048281994,-0.050780546,1
-0.038408283,-0.059798837,1
-0.06873115,-0.021688985,1
-0.040629808,-0.060736254,1
-0.0724302,-0.015518825,1
-0.07319027,0.016716786,1
-0.0758964,0.005225529,1
-0.05645479,-0.052476022,1
-0.062395707,-0.046935722,1
-0.07901381,-0.0032123239,1
-0.07390062,-0.030846689,1
-0.07635562,-0.027275648,1
-0.08145489,0.010127662,1
-0.06571708,-0.05083369,1
-0.07883089,-0.029254474,1
-0.07276896,-0.044092525,1
-0.06820331,-0.052527353,1
-0.07409589,-0.045759805,1
-0.08588662,0.019570371,1
-0.08881282,-0.0070105772,1
-0.077535935,-0.045873776,1
-0.089271456,-0.018116126,1
-0.057673063,-0.07179674,1
-0.08456792,-0.038917743,1
-0.0492333,0.08018591,1
-0.09471239,-0.008522882,1
-0.09087304,0.031249808,1
-0.09693748,-0.0055652247,1
-0.096853055,0.015579548,1
-0.0938464,0.031835265,1
-0.08550053,-0.052054673,1
-0.1011011,-3.1751788e-06,1
-0.07003757,0.07429386,1
-0.09641031,-0.036541782,1
-0.10117561,-0.024518559,1
-0.104596995,-0.010322405,1
-0.10399108,0.021079905,1
-0.10104854,0.03551234,1
-0.08133239,0.071220815,1
-0.10267009,0.03692764,1
-0.10980468,0.008195644,1
-0.08166736,0.07534003,1
-0.09956671,0.051532462,1
-0.09256477,-0.06501031,1
-0.018410843,0.11261915,1
-0.058220223,0.099307075,1
-0.11573088,0.009450649,1
-0.109420605,0.041755848,1
-0.078152224,0.08856703,1
-0.11840548,0.013019447,1
-0.10107718,0.064901836,1
-0.08712882,0.08413617,1
-0.117306344,-0.033956356,1
-0.12285903,-0.008059904,1
-0.09442399,0.08056618,1
-0.11063175,0.05845436,1
-0.094188794,0.08388248,1
-0.124349795,0.026427915,1
-0.1268529,0.01803219,1
-0.09846306,-0.08354255,1
-0.12550981,-0.034367684,1
-0.12365637,0.04364029,1
-0.09775114,0.08890228,1
-0.10977822,0.075320475,1
-0.12884915,0.03728087,1
-0.13188124,0.02947615,1
-0.121103644,0.06218484,1
-0.12550181,0.0552801,1
-0.06412192,0.1223541,1
-0.124112636,0.06289478,1
-0.13235919,-0.046046745,1
-0.13772565,-0.030862046,1
-0.053457793,0.1317067,1
-0.14154172,-0.021351852,1
-0.09747963,0.10618501,1
-0.13769951,0.045890696,1
-0.13566604,0.05434538,1
-0.1350202,0.058496397,1
-0.06764798,0.13180146,1
-0.1374047,0.05801221,1
-0.13253413,0.070567496,1
-0.14647223,-0.037316963,1
-0.123006515,0.08955263,1
-0.10654028,0.110022984,1
-0.1212551,0.09518772,1
-0.048198085,0.14747904,1
-0.12944525,0.087342255,1
-0.117581375,0.10427364,1
-0.025281323,0.15612449,1
-0.15661643,-0.028335994,1
-0.14884682,0.059126157,1
-0.0385713,0.15647739,1
-0.0744058,0.1440845,1
-0.09152854,0.13507311,1
-0.07991239,0.14340113,1
-0.11272621,0.12071592,1
-0.014754416,0.16550982,1
-0.10843426,0.12722763,1
-0.116433,0.12134203,1
-0.12078735,0.11844249,1
-0.11824588,0.122375645,1
-0.1695526,0.02348378,1
-0.0763294,0.15432782,1
-0.135636,0.10766533,1
0.015017566,0.17352554,1
-0.13188785,0.115290664,1
-0.0986242,0.14598395,1
-0.110204674,0.1387324,1
-0.15858038,0.0812387,1
-0.049260616,0.1722747,1
0.03366814,0.17700665,1
-0.12507512,0.13108332,1
-0.14211605,0.11398849,1
-0.14485434,0.11213073,1
-0.18326563,-0.018371869,1
-0.13328488,0.12856397,1
-0.10188021,0.15583876,1
-0.031137263,0.18457928,1
-0.03821033,0.18426819,1
-0.1461438,0.12014384,1
-0.13681518,0.13211328,1
-0.017661126,0.19037373,1
-0.12833613,0.14306529,1
-0.1500585,0.12168015,1
0.013937082,0.19369343,1
-0.018637268,0.19430341,1
-0.10997176,0.16247818,1
-0.15339603,0.12392092,1
-0.1981604,-0.003871064,1
-0.05495923,0.1914675,1
-0.16980724,0.10604537,1
-0.20107748,0.007055034,1
0.04964579,0.19601282,1
-0.042430203,0.19872397,1
-0.18141358,0.09374685,1
-0.1848409,0.08912359,1
-0.014181489,0.20571798,1
-0.16650732,0.123329386,1
0.033949416,0.20542175,1
-0.034579534,0.20633166,1
-0.040931772,0.20618662,1
-0.052645426,0.20454495,1
-0.0724726,0.19945362,1
0.001282927,0.21320936,1
-0.12985577,0.17036787,1
-0.07807439,0.20055418,1
-0.0061040903,0.21613003,1
-0.024429366,0.21583912,1
-0.18143383,0.12124749,1
-0.1281549,0.17785777,1
-0.051869065,0.21402463,1
-0.11716567,0.18764603,1
0.11485815,0.19023754,1
-0.112984456,0.19251785,1
-0.08839752,0.20606403,1
0.015886959,0.22466421,1
-0.03130888,0.22404924,1
-0.08147687,0.21211727,1
-0.1403512,0.1799713,1
-0.028197246,0.22748837,1
0.058181435,0.22275744,1
-0.0033552048,0.2312069,1
-0.13740696,0.18721949,1
0.13822648,0.18785948,1
-0.19016354,0.13676076,1
-0.19862215,0.12603514,1
0.06443801,0.22727802,1
-0.019213654,0.23645791,1
-0.105495825,0.21360733,1
-0.15833685,0.17934564,1
0.20169073,0.13052288,1
-0.022982586,0.240144,1
0.029757358,0.24040757,1
0.006081509,0.2431672,1
0.022797693,0.24317795,1
0.038134538,0.24226223,1
0.063853204,0.23782343,1
-0.068686746,0.23751491,1
-0.056524713,0.24172743,1
-0.20192659,0.14611927,1
-0.109755285,0.22489768,1
0.020503974,0.2504132,1
0.11618572,0.22390194,1
0.06649598,0.24436754,1
-0.04905998,0.24947613,1
-0.15354156,0.20391232,1
-0.25219333,0.045450974,1
0.14142804,0.21489394,1
-0.07097454,0.2483142,1
-0.051001254,0.2541933,1
0.026505452,0.25890705,1
-0.15946819,0.20694768,1
-0.031041615,0.2604187,1
0.2319382,0.12454804,1
0.08537432,0.25009364,1
0.0697075,0.25594243,1
-0.17050388,0.20451443,1
0.25172648,0.089808494,1
-0.15038568,0.22215313,1
0.23842736,0.12513326,1
-0.21522313,0.1634779,1
0.20362611,0.17923312,1
0.22387992,0.15495153,1
-0.06650748,0.26505667,1
0.10368259,0.25392184,1
0.12223814,0.24664614,1
-0.057729002,0.2701776,1
-0.13732979,0.24088009,1
-0.119145304,0.251482,1
0.13313965,0.24550101,1
0.053999394,0.27502927,1
-0.010041945,0.28110197,1
0.19030538,0.20848776,1
0.1408798,0.2457688,1
-0.028737212,0.2828281,1
-0.088146955,0.271326,1
0.1516158,0.24284251,1
0.010831204,0.28708303,1
0.10320442,0.26918206,1
0.25971416,0.1274239,1
0.16095011,0.24158542,1
-0.024611307,0.2902497,1
0.12367389,0.26483873,1
-0.032127317,0.29152837,1
0.2721996,0.11187718,1
0.031181922,0.29364434,1
0.14211123,0.25999212,1
0.15803824,0.2518126,1
0.14202589,0.2623176,1
-0.15711607,0.2547442,1
-0.08488635,0.2880531,1
0.06589025,0.2940084,1
0.17475358,0.2466736,1
0.11748939,0.2796232,1
-0.0005785767,0.30430377,1
-0.056918845,0.29995263,1
0.089323185,0.29299304,1
0.08269817,0.29597095,1
0.21531616,0.22066481,1
0.1099925,0.2890915,1
0.23067366,0.20756242,1
0.07684397,0.3016782,1
0.12984565,0.28404063,1
0.11991146,0.28945893,1
0.057999,0.30891684,1
0.24686593,0.19616565,1
0.05973745,0.3106243,1
0.1076088,0.29851404,1
0.17451335,0.2662173,1
-0.006982067,0.31924298,1
0.1463139,0.28495148,1
0.092248715,0.3077947,1
0.14389545,0.28841946,1
0.19228199,0.25993386,1
0.08866711,0.3119686,1
0.17742656,0.27268368,1
0.31849167,0.071076915,1
0.209365,0.25161374,1
0.3154278,0.09113056,1
0.2580073,0.20467056,1
0.29790562,0.14272478,1
0.11663056,0.3101254,1
0.24056795,0.2292855,1
0.24685688,0.22399284,1
0.15161209,0.29798192,1
0.123001516,0.3119622,1
0.017434597,0.33588415,1
0.33729565,0.005303993,1
0.10989583,0.31999335,1
0.33849248,0.023958782,1
0.19309264,0.280262,1
0.13787404,0.31225735,1
0.31498605,0.1340972,1
0.17989035,0.29244506,1
0.3158748,0.13709906,1
0.22789113,0.2594784,1
0.31431097,0.14547989,1
0.14258845,0.3167313,1
0.33852825,0.082129106,1
0.3218146,0.13594235,1
0.1609472,0.31119347,1
0.26922238,-0.22575891,1
0.3317588,0.118694045,1
0.30278316,-0.1821564,1
0.34682518,-0.07265886,1
0.2767541,0.22290042,1
0.2534039,0.25055203,1
0.25771135,0.24756643,1
0.03656003,0.35648853,1
0.22576852,0.2795849,1
0.3304681,0.1437026,1
0.3510533,-0.085694864,1
0.22526813,0.28383225,1
0.3626538,0.022697248,1
0.15880619,0.32793593,1
0.26059654,0.25608844,1
0.2796633,0.23667015,1
0.3533043,0.10067207,1
0.35909742,0.08212372,1
0.36910695,-0.013921047,1
0.369943,0.017787503,1
0.35457888,0.11041068,1
0.36353803,0.08063052,1
0.34521818,-0.14223956,1
0.2982855,0.22623423,1
0.37537244,-0.0014830871,1
0.108822875,0.36030093,1
0.372693,0.05927575,1
0.3133518,0.21208687,1
0.35739678,0.12726448,1
0.37377158,-0.07059769,1
0.37035653,0.091037326,1
0.37919283,-0.04928569,1
0.3479129,-0.16105719,1
0.38251075,0.03790628,1
0.36792043,-0.114701614,1
0.35014394,0.16338192,1
0.37362027,0.10235658,1
0.33808947,0.19115716,1
0.3744162,-0.10694207,1
0.39025623,0.010233834,1
0.34772614,0.17964898,1
0.388774,0.053165477,1
0.37372485,-0.1228336,1
0.38549346,0.08331711,1
0.31292102,0.24169807,1
0.3941189,0.042430915,1
0.1610701,0.36329204,1
0.38779765,-0.091292225,1
0.37465668,0.13839166,1
0.37361926,0.14397618,1
0.38168892,-0.12424433,1
0.2815881,0.28746447,1
0.2599968,-0.3084412,1
0.38215658,0.1322848,1
0.38155293,0.13700694,1
0.36812684,-0.17218825,1
0.39024916,-0.11698882,1
0.15838856,-0.37644455,1
0.40489283,0.06064529,1
0.4086267,0.038221933,1
0.2974364,0.2842375,1
0.40581608,0.07346636,1
0.3863637,0.14708419,1
0.40465918,0.089388244,1
0.27256984,0.31348947,1
0.27253643,-0.31484365,1
0.326845,0.2596337,1
0.089968294,0.40863147,1
0.36034527,0.21462509,1
0.4088764,0.097843915,1
0.37028983,0.20120005,1
0.33977714,-0.2509825,1
0.42325568,-0.011916822,1
0.42138392,-0.05071191,1
0.38805416,-0.17435811,1
0.4109656,-0.1137839,1
0.34627968,-0.25056854,1
0.39332572,0.16984048,1
0.42651197,0.04997161,1
0.3777133,-0.20640503,1
0.19948103,0.38254464,1
0.37940496,0.20748416,1
0.39072332,-0.1876162,1
0.43419868,0.0143107725,1
0.33714303,-0.2755696,1
0.35219243,-0.25775424,1
0.40911222,0.15485057,1
0.39468643,-0.19092114,1
0.28734684,-0.33247378,1
0.41508687,-0.14727753,1
0.43160626,0.092663854,1
0.33059442,-0.2940453,1
0.362198,-0.25584114,1
0.37210596,-0.24303912,1
0.34769082,-0.278447,1
0.17417814,0.4110674,1
0.3187954,-0.31397247,1
0.14081694,-0.4257659,1
0.37701634,-0.24467015,1
0.40288416,-0.2014695,1
0.33774137,-0.299565,1
0.38418856,-0.23898193,1
0.3399329,-0.30010942,1
0.4171307,-0.18036303,1
0.45519167,-0.015498508,1
0.45518133,0.034094617,1
0.4565873,0.028201854,1
0.44541562,0.10857758,1
0.45811766,0.03508843,1
0.10171051,-0.44908664,1
0.30299518,-0.3480526,1
0.45540357,-0.080492966,1
0.44245133,-0.13796814,1
0.39259034,-0.24819362,1
0.45711407,-0.0877771,1
0.39490452,-0.2482768,1
0.28084886,-0.3736974,1
0.40428162,-0.23668349,1
0.35123083,-0.31151003,1
0.24991252,-0.39860532,1
0.42626655,-0.20145021,1
0.35208917,-0.31506103,1
0.42779353,-0.2029035,1
0.39338332,-0.26528397,1
0.42705455,-0.20904866,1
0.4453997,-0.16925998,1
0.35756135,-0.31644055,1
0.28570902,-0.38381246,1
0.3570463,-0.32002893,1
0.29222974,-0.38139647,1
0.45872417,-0.1462756,1
0.48070803,-0.041341543,1
0.29818824,-0.38057858,1
0.2403849,-0.42064273,1
0.357658,-0.32829395,1
0.08186402,-0.47954914,1
0.18047452,-0.45284986,1
-0.24153528,-0.42459595,1
0.3874947,-0.2990783,1
0.47294042,-0.13003182,1
0.45121047,-0.19486661,1
0.4310147,-0.23827544,1
0.2516086,-0.42453378,1
0.4764133,0.13249588,1
0.04637617,-0.4933204,1
0.3771222,-0.32293597,1
0.37584895,-0.3259468,1
0.4750179,-0.15119107,1
0.34774828,-0.35856783,1
0.32102743,-0.38398194,1
0.3432789,-0.3656,1
0.24680373,-0.4377176,1
0.41468975,-0.28556645,1
0.4520692,-0.22396035,1
0.18691264,-0.4696802,1
0.28329888,-0.41986972,1
0.25844145,-0.4367744,1
0.047407728,-0.5062938,1
0.4595271,-0.22007905,1
0.43778583,-0.26261103,1
-0.018288637,-0.51118445,1
0.49701843,-0.12506701,1
0.48355603,-0.17282847,1
0.078865066,-0.50843436,1
0.21663941,-0.46778587,1
0.243169,-0.45569524,1
0.28301337,-0.43327567,1
0.2518356,-0.4532552,1
0.27544382,-0.44048977,1
-0.09060804,-0.5125737,1
0.3327002,-0.40161586,1
0.27907133,-0.4417567,1
-0.21561943,-0.47705886,1
0.22766027,-0.47254288,1
-0.3235769,-0.4140955,1
0.2502038,-0.46327987,1
-0.13103344,-0.5109947,1
0.50162375,-0.1664813,1
0.17451587,-0.49994573,1
0.49348733,-0.19476372,1
-0.01571999,-0.531299,1
0.44493964,-0.2926083,1
0.12201968,-0.51939315,1
0.25801083,-0.4681427,1
0.42984268,-0.31942698,1
0.4902292,-0.21805231,1
0.29821938,-0.4472268,1
-0.28044745,-0.4597532,1
0.23919411,-0.48362082,1
-0.084010966,-0.53397214,1
0.17090043,-0.513868,1
-0.084200256,-0.53596896,1
0.50379354,-0.20403843,1
0.24375387,-0.48694232,1
-0.12022251,-0.5321339,1
0.174064,-0.5180877,1
0.14906184,-0.52686703,1
0.23251072,-0.49683425,1
-0.19473445,-0.51389027,1
0.02955068,-0.54975694,1
0.09355012,-0.54356,1
-0.07660671,-0.54721636,1
-0.06719291,-0.54946035,1
0.031107593,-0.5536814,1
-0.32329813,-0.45179674,1
0.09555332,-0.5482926,1
-0.0037093114,-0.55754524,1
0.23985799,-0.50443614,1
0.020872358,-0.5591701,1
-0.3574757,-0.43178612,1
0.22588986,-0.51412565,1
0.3400673,-0.44814157,1
-0.23290907,-0.5131835,1
0.07693622,-0.55929774,1
0.0024350407,-0.56556034,1
0.0367185,-0.56537545,1
-0.004128037,-0.56755257,1
-0.2229747,-0.5230225,1
0.2383838,-0.5172839,1
0.2776152,-0.49847826,1
-0.028701687,-0.5708505,1
0.40489393,-0.40484595,1
0.35110292,-0.45355636,1
-0.47432318,-0.32427377,1
-0.23812203,-0.52400875,1
-0.030414281,-0.57577384,1
-0.36622941,-0.44662276,1
0.2477354,-0.52285784,1
0.040519543,-0.5781614,1
-0.23119551,-0.53256214,1
-0.30556455,-0.49484083,1
-0.21301585,-0.5422423,1
0.530931,-0.2422438,1
0.19834177,-0.5499088,1
-0.22069606,-0.5424055,1
0.011773848,-0.5864684,1
-0.5824164,-0.07778378,1
-0.35206953,-0.47168165,1
-0.26542494,-0.52646506,1
0.20834394,-0.55262107,1
-0.1119041,-0.5809114,1
-0.19681989,-0.5589525,1
-0.4224394,-0.41701117,1
-0.37320533,-0.46288282,1
-0.41225165,-0.42986357,1
0.12083603,-0.58423126,1
-0.4943268,-0.33580336,1
0.23981015,-0.54846275,1
-0.012036421,-0.5994788,1
-0.29499483,-0.5231626,1
-0.13897091,-0.5853303,1
0.11082042,-0.59232485,1
0.049862426,-0.60154057,1
0.25535917,-0.5480314,1
-0.34895414,-0.4949638,1
-0.50660145,-0.33365634,1
-0.18993068,-0.5771597,1
-0.10773026,-0.598998,1
0.20790449,-0.5730616,1
-0.46064633,-0.400812,1
-0.61061865,-0.034837645,1
0.28319874,-0.54322433,1
0.063422285,-0.6103272,1
-0.060372192,-0.6116423,1
-0.101744115,-0.60714966,1
-0.3337193,-0.51850504,1
-0.5908554,-0.17983703,1
-0.5146284,-0.34328794,1
-0.42327696,-0.4525098,1
-0.08431574,-0.6148665,1
0.032037318,-0.6207955,1
-0.07445845,-0.6181544,1
-0.6012808,-0.16543223,1
-0.30351532,-0.54592526,1
-0.19969356,-0.59289956,1
-0.2817916,-0.55969137,1
-0.5214605,-0.3492784,1
0.04904714,-0.6267123,1
-0.6059669,-0.17098992,1
-0.39485738,-0.491714,1
-0.3029207,-0.55425406,1
-0.47099522,-0.42235953,1
-0.42611393,-0.46895468,1
-0.28531322,-0.566884,1
-0.31695813,-0.55097204,1
-0.14139953,-0.62073535,1
-0.53538203,-0.34633484,1
-0.2559876,-0.58508945,1
-0.13352934,-0.6255468,1
-0.45117515,-0.45482022,1
-0.62913394,-0.12607346,1
-0.41118887,-0.49387577,1
-0.26504898,-0.5865374,1
-0.5207519,-0.37997916,1
-0.6387716,0.093963675,1
-0.021044916,-0.64630413,1
-0.5304043,-0.3716433,1
-0.5003792,-0.4127538,1
-0.6365061,-0.13001794,1
-0.6258838,-0.17780812,1
-0.42733192,-0.49197286,1
0.015463402,-0.65246946,1
-0.6164655,-0.21733244,1
-0.26753208,-0.5974942,1
-0.24028474,-0.610039,1
-0.65041226,-0.0903428,1
-0.26407006,-0.6023127,1
-0.6586305,0.006092101,1
-0.57434356,-0.32446933,1
-0.57574946,-0.32401395,1
-0.577942,-0.32214773,1
-0.06579424,-0.6593883,1
-0.026857106,-0.66312003,1
-0.5753712,-0.33275685,1
-0.62798023,-0.22079769,1
-0.5609839,-0.36019653,1
-0.35349327,-0.5664121,1
-0.55835736,-0.36790603,1
-0.5438287,-0.39077845,1
-0.3333386,-0.5819661,1
-0.67065394,-0.03696141,1
-0.10293358,-0.66475046,1
-0.6531204,-0.16513622,1
-0.63608617,-0.22490062,1
-0.6755763,-0.011585185,1
-0.35722998,-0.5746982,1
-0.6098353,-0.2955468,1
-0.56257504,0.37962356,1
-0.6719533,-0.1021921,1
-0.6210598,-0.27858737,1
-0.66910833,-0.13032255,1
-0.62641656,-0.27139995,1
-0.54280716,0.4156727,1
-0.6834565,0.04099176,1
-0.61296976,-0.3072995,1
-0.6588463,-0.19354612,1
-0.5686265,-0.3867534,1
-0.67311746,0.14561923,1
-0.32207665,-0.60986763,1
-0.26678678,-0.6370859,1
-0.64550275,0.2485229,1
-0.51860535,0.45920765,1
-0.68967664,-0.07454591,1
-0.66850793,-0.18893884,1
-0.6956795,0.0047524148,1
-0.56075877,-0.41344395,1
-0.6814609,-0.14964318,1
-0.67295164,-0.18792549,1
-0.69935215,0.022050552,1
-0.34819132,-0.608066,1
-0.610596,-0.34577128,1
-0.6924819,0.119414836,1
-0.5888071,-0.38536358,1
-0.5258823,-0.46910182,1
-0.4920072,0.5059145,1
-0.6936351,-0.13529502,1
-0.6240531,-0.3337782,1
-0.3600712,-0.61042345,1
-0.69785774,0.12916063,1
-0.6994919,0.1257805,1
-0.6775646,-0.21780658,1
-0.5438492,-0.46063814,1
-0.70527846,-0.10940546,1
-0.6094834,-0.37329224,1
-0.5936603,-0.3997705,1
-0.70719343,-0.11644879,1
-0.58108467,-0.42125925,1
-0.71835643,0.022816973,1
-0.7019883,0.15877317,1
-0.6354508,-0.34005985,1
-0.5302034,-0.48965967,1
-0.5389844,0.481481,1
-0.63103944,-0.35435188,1
-0.67788804,-0.2563079,1
-0.72310525,0.06161695,1
-0.69675595,0.20654997,1
-0.7216209,-0.09407914,1
-0.7080277,0.1724596,1
-0.71768314,-0.1320468,1
-0.65573126,-0.32246542,1
-0.53454316,0.49969482,1
-0.20109147,0.7045988,1
-0.4523146,0.5777341,1
-0.7275982,0.102156885,1
-0.40041554,0.6172313,1
-0.7107367,0.19399571,1
-0.7305171,-0.102964744,1
-0.69600046,0.24762529,1
-0.73785275,0.052803207,1
-0.6924943,-0.26296103,1
-0.7062716,-0.22663014,1
-0.6333253,0.38802817,1
-0.53673565,-0.51484907,1
-0.66373557,0.33778673,1
-0.5998945,-0.44301614,1
-0.480448,-0.5716646,1
-0.56181306,-0.49344987,1
-0.2768126,0.6957007,1
-0.74430215,0.09021637,1
-0.7231418,0.2017241,1
-0.438268,0.6107797,1
-0.567975,0.4940052,1
-0.68292814,-0.3189889,1
-0.57566494,0.4881236,1
-0.70436865,0.27391896,1
-0.7514971,0.08906687,1
-0.7214151,0.23185569,1
-0.44213814,0.61662686,1
-0.75391257,-0.09407847,1
-0.65666234,0.38412437,1
-0.7196584,0.2497454,1
-0.6503879,-0.3985005,1
-0.7630822,-0.032258313,1
-0.6833935,0.34327617,1
-0.39582536,0.6555299,1
-0.48286626,0.59562695,1
-0.5884439,0.4931543,1
-0.76876813,0.0009919044,1
-0.19137713,0.74560064,1
-0.66245276,0.39401,1
-0.77018064,-0.04953271,1
-0.7239097,0.27043033,1
-0.47666854,0.60951865,1
-0.68978053,0.3528155,1
-0.4684791,0.6183489,1
-0.39264712,0.6702316,1
-0.5952361,0.50063187,1
-0.776277,0.06237317,1
-0.6493506,0.43174103,1
-0.6649682,0.40918934,1
-0.079653986,0.7777133,1
-0.7556435,-0.20433259,1
-0.6909423,0.37002125,1
-0.75486004,0.21464737,1
-0.5767412,0.53369355,1
-0.63589644,-0.463324,1
-0.31706265,0.7211663,1
-0.64380515,0.4557441,1
-0.75376135,-0.23582135,1
-0.712549,0.34296364,1
-0.46465907,0.6411132,1
-0.784294,-0.115772754,1
-0.62670654,0.48718327,1
-0.78696835,0.11126349,1
-0.73260224,0.3107811,1
-0.6080987,0.5148797,1
-0.5609913,0.5672478,1
-0.710783,0.3645093,1
-0.5244591,0.60383964,1
-0.33569214,0.7270438,1
-0.6618455,0.45259985,1
-0.08473345,0.7983186,1
-0.06456488,0.8012065,1
-0.6840305,0.42404372,1
-0.721909,0.358009,1
-0.8060687,-0.03450308,1
-0.59869635,0.5423248,1
-0.6546769,0.47494188,1
-0.286739,0.7573458,1
-0.80856067,0.060363896,1
-0.6205611,0.52339494,1
-0.19088225,0.7900814,1
-0.7164397,0.38601428,1
-0.719624,0.38218385,1
-0.80591816,0.12669401,1
0.48049653,0.6605398,1
-0.70739764,0.41038346,1
-0.79145485,0.20991296,1
-0.7124661,0.4055818,1
-0.7030522,0.4236324,1
-0.5697539,0.59225976,1
-0.17043221,0.80497843,1
-0.56783605,0.5968651,1
-0.72063434,0.40127566,1
-0.7993646,0.20737518,1
-0.4464321,0.6959461,1
-0.43270075,0.70574003,1
0.16807191,0.8116089,1
-0.40150237,0.72623235,1
-0.46276078,0.6900234,1
-0.7242517,0.40914991,1
-0.5199172,0.6506125,1
-0.556341,0.62109864,1
-0.52901083,0.6458303,1
-0.68985873,0.47192845,1
-0.1761021,0.8180978,1
-0.4324862,0.7175848,1
-0.4465346,0.7101109,1
-0.8110453,0.21802871,1
-0.16237035,0.82501465,1
-0.15702946,0.8270668,1
-0.6280064,0.5621317,1
0.07075179,0.8408725,1
-0.7465013,0.39559898,1
-0.33097062,0.77840453,1
-0.41834736,0.7362982,1
-0.72671276,0.4367316,1
-0.22331749,0.81894666,1
0.4076095,0.7457206,1
-0.25731415,0.81100965,1
-0.45432967,0.7205804,1
-0.083034456,0.8488011,1
-0.2179884,0.8255589,1
-0.24209262,0.8198585,1
-0.41314667,0.7495326,1
0.35719898,0.77885336,1
-0.036701385,0.8570724,1
-0.43069616,0.7430608,1
-0.25817662,0.82018524,1
-0.4941329,0.7049213,1
-0.439474,0.7413963,1
-0.4445833,0.739512,1
-0.60635316,0.6153021,1
0.16141012,0.84966934,1
-0.28582925,0.81732816,1
0.08324378,0.86286074,1
-0.42059487,0.7591407,1
-0.16498812,0.85306036,1
-0.42189783,0.76070744,1
0.1891887,0.85007274,1
-0.2199652,0.8436681,1
-0.40791637,0.77169377,1
-0.70138556,0.52126175,1
0.032385804,0.87427527,1
-0.37701952,0.7905788,1
-0.07765673,0.87343144,1
-0.27335137,0.8342353,1
0.35542262,0.80380523,1
0.19314507,0.85841924,1
0.16018079,0.86619467,1
-0.2930964,0.8317513,1
0.186133,0.8630392,1
0.6621152,0.5855375,1
-0.35823375,0.80912906,1
0.08444931,0.88185155,1
-0.6394769,0.6145223,1
0.5911812,0.6624573,1
-0.1412854,0.8775887,1
0.37954834,0.8048895,1
-0.64048785,0.619243,1
0.7347661,0.50555897,1
-0.08830783,0.8885153,1
0.3167453,0.8358939,1
0.1556341,0.8812576,1
-0.016422959,0.89574534,1
0.73591626,0.51269025,1
-0.57472485,0.68986374,1
0.2559996,0.8616748,1
0.5116556,0.74028933,1
0.12974994,0.8915085,1
0.099347845,0.89641345,1
0.09744008,0.8976297,1
-0.37215075,0.8237391,1
0.19620238,0.88337845,1
0.40692663,0.8093678,1
0.22772104,0.8778515,1
0.0846619,0.90395194,1
-0.0048438655,0.908896,1
0.099793255,0.90442103,1
0.70693946,0.57445216,1
-0.63726735,0.65228343,1
0.26944312,0.8722445,1
0.11458192,0.90670264,1
0.78317434,0.47297704,1
0.3031563,0.8642906,1
0.8008064,0.44659352,1
-0.613718,0.6825859,1
0.49543372,0.7739234,1
0.43267202,0.81181747,1
0.8010731,0.45428765,1
-0.40184334,0.82973605,1
0.27464217,0.88111204,1
0.37902737,0.84259933,1
0.13986096,0.91428936,1
0.78801435,0.48618123,1
0.22965969,0.8980256,1
0.9208385,0.11448448,1
0.76458764,0.52755535,1
0.742751,0.559545,1
0.62730485,0.6878379,1
-0.05782125,0.93013644,1
0.24364613,0.9005556,1
0.6542615,0.66646415,1
0.695301,0.6250279,1
0.8593331,0.37084058,1
0.26440933,0.898854,1
0.09340122,0.9332758,1
0.7741911,0.5312575,1
0.13584228,0.930072,1
0.7899951,0.5111532,1
0.86719495,0.36773303,1
0.6816272,0.6515564,1
0.37721172,0.8652985,1
0.5493805,0.7688316,1
0.7448709,0.583079,1
0.55406094,0.7679356,1
0.9360992,-0.14941119,1
0.13673855,0.9390456,1
0.1406523,0.93947953,1
0.16229533,0.93699944,1
0.34882763,0.885738,1
-0.37941206,0.8741658,1
0.34954774,0.8876061,1
0.34830824,0.8891683,1
0.6510993,0.6999439,1
0.766494,0.5729342,1
0.10508249,0.95217705,1
0.89028937,0.35635245,1
0.9568614,-0.077067494,1
0.5860724,0.7615544,1
0.9618737,0.013031276,1
0.74192816,0.6138732,1
0.9420461,-0.20439081,1
0.943349,0.20310104,1
0.027189676,0.9655832,1
0.7131815,0.652991,1
0.9459885,0.20510423,1
0.73141456,0.6355577,1
0.7168844,0.65339005,1
0.9681858,0.07349057,1
0.47893026,0.8457868,1
0.7554151,0.6132083,1
0.84581363,0.48293337,1
0.652574,0.72437793,1
0.76459277,0.6065699,1
0.94336504,0.25405988,1
0.8913168,0.4024864,1
0.49986047,0.8417478,1
0.3799805,0.9033137,1
0.5258149,0.82815605,1
0.8105156,0.5543943,1
0.7701827,0.6107979,1
0.53455085,0.8261234,1
0.6354624,0.7525842,1
0.24420843,0.9552647,1
0.9299735,0.33059442,1
0.83682495,0.5252088,1
0.39461955,0.9068487,1
0.86586636,0.47995374,1
0.97819585,-0.15873271,1
0.63935924,0.75846416,1
0.97915417,-0.16520353,1
0.7960056,0.5953143,1
0.92712456,0.3611857,1
0.9128454,0.39839843,1
0.9659091,-0.24702756,1
0.93361634,0.35264787,1
0.5386573,0.8413366,1
0.47499543,0.87998825,1
0.0,0.0,2
0.0003000867,0.00095496123,2
0.0018612127,0.0007374953,2
0.0019375418,0.002294332,2
0.0036548385,0.0016352992,2
0.003755417,0.0033086129,2
0.0044121547,0.004074923,2
0.005819658,0.0039025284,2
0.008007477,-9.225525e-05,2
0.008927873,-0.001206369,2
0.009919382,0.0013439362,2
0.0076306374,0.007938245,2
0.012009215,-0.00025924135,2
0.012993885,-0.0007053009,2
0.013871195,0.0019956343,2
0.012624825,0.008128005,2
0.015944952,-0.0015070795,2
0.017004227,0.00065963186,2
-0.0040691677,0.017552517,2
0.018938476,-0.0017484939,2
0.0076811872,0.018487848,2
0.0208657,-0.0025506702,2
0.021181533,0.006025953,2
0.021145212,-0.00910712,2
0.0233958,0.00545805,2
0.02046272,0.014405866,2
0.025318125,0.006028811,2
0.025100837,-0.010020389,2
0.027802482,0.0035485711,2
0.02852171,0.005403393,2
0.029083611,-0.007479724,2
0.031030664,0.00015088003,2
0.03186228,0.0032933294,2
0.027393082,-0.018460777,2
0.02608441,-0.02186136,2
0.034058474,-0.008214252,2
0.035296284,0.0072641685,2
0.028363874,-0.023816649,2
0.03239675,-0.019933466,2
0.036939073,-0.012631371,2
0.032400798,0.023524307,2
0.040966216,-0.0024771309,2
0.03917001,0.015272324,2
0.042939346,0.0029859901,2
0.0436124,-0.006151131,2
0.044900335,-0.0036077492,2
0.045151107,0.009034156,2
0.036386605,-0.029823475,2
0.03388872,0.03406126,2
0.044476356,-0.02068001,2
0.03308505,0.03755512,2
0.049042277,-0.014179733,2
0.049015045,0.01751974,2
0.045247592,-0.027699852,2
0.05333392,-0.0087939575,2
0.053287905,-0.013836847,2
0.052284226,0.020214874,2
0.056164946,0.010050199,2
0.05604904,-0.01514077,2
0.052866857,-0.026326178,2
-0.0044403975,-0.05989569,2
0.058303326,-0.018143192,2
0.047932714,-0.039422765,2
0.05315441,0.033934623,2
0.057834346,0.02755708,2
0.06497525,-0.0034176619,2
0.061868053,0.023174752,2
0.036601532,-0.056198925,2
0.06796432,-0.0037567469,2
0.039531574,-0.056637365,2
0.036448747,-0.059843995,2
0.067645356,-0.021799143,2
0.06139538,-0.037749052,2
0.07018006,-0.020357642,2
0.06156735,-0.041187737,2
0.0631218,-0.04064363,2
0.07314303,-0.020920482,2
0.06348783,-0.04370551,2
0.026664197,-0.07338397,2
0.05908845,-0.052555267,2
0.06854714,-0.041401803,2
0.072908655,-0.035474923,2
0.08162252,0.008673643,2
0.0826413,0.008556474,2
0.07023318,-0.046232384,2
0.082350925,0.021396196,2
0.08594458,-0.0049338853,2
0.04017808,-0.07726502,2
0.013438256,-0.08705702,2
0.08330139,0.03158709,2
0.024630364,-0.08665777,2
0.08442857,-0.03419654,2
0.08112261,-0.04358986,2
0.08366796,-0.040816627,2
0.045929305,-0.08212306,2
0.09156723,0.025661627,2
0.06907595,-0.06680548,2
0.096800484,-0.0075836717,2
0.06503568,-0.07344111,2
0.022472646,-0.096517414,2
0.08370584,-0.054894093,2
0.07203491,-0.070939444,2
0.07073538,-0.07362978,2
0.10081903,-0.021581793,2
0.020099154,-0.102145426,2
0.009118306,-0.104708835,2
0.058077294,-0.08880053,2
0.082785524,-0.067959465,2
0.09827639,-0.04504568,2
0.10221088,-0.038180277,2
0.0038122607,-0.1100441,2
0.019107865,-0.10945579,2
0.08794978,-0.0695267,2
0.11275866,0.008947666,2
0.08762991,0.07309604,2
0.113063365,-0.021637132,2
0.09061646,-0.07260585,2
0.013977662,-0.11628003,2
0.10711774,-0.04977629,2
0.06201302,-0.10170423,2
0.016566478,-0.11897224,2
0.0794703,-0.09140458,2
0.09103118,-0.08140723,2
0.12161847,-0.019189874,2
0.12114185,-0.027045323,2
0.06345427,-0.1078418,2
0.09310145,-0.08508772,2
0.077804275,-0.10053756,2
0.08577899,-0.095177636,2
0.046428334,-0.12049374,2
0.11490339,-0.06108242,2
0.09831066,-0.086777814,2
-0.036294933,-0.1270495,2
0.11612056,-0.065118715,2
0.09533878,-0.094352975,2
0.10868871,-0.08030111,2
0.053939898,-0.12499414,2
0.014861253,-0.13632952,2
0.10458532,-0.09024442,2
0.10129942,-0.095384106,2
0.0933756,-0.10450003,2
0.043703727,-0.13420434,2
0.1147398,-0.083899744,2
0.097330466,-0.104960665,2
0.14218625,0.023677107,2
0.1368253,-0.04843505,2
0.080812536,-0.121770404,2
0.010401246,-0.14677908,2
0.052483875,-0.13853994,2
0.12930423,-0.07433629,2
0.13938218,-0.055836126,2
0.05778689,-0.1396687,2
0.14644466,-0.04128239,2
-0.011223155,-0.15274137,2
0.062528275,-0.14090322,2
0.14690663,-0.049915593,2
0.12353119,-0.09552376,2
0.11071881,-0.11153348,2
0.11303212,-0.110624336,2
0.1449165,-0.06580914,2
0.11784921,-0.108456634,2
0.10647759,-0.12097704,2
0.10755609,-0.12136002,2
-0.033128615,-0.15976456,2
0.048057716,-0.15697238,2
0.12256105,-0.1107173,2
0.07919693,-0.14607888,2
0.1150748,-0.1212545,2
0.0745781,-0.15072703,2
-0.023321198,-0.16755396,2
0.027667373,-0.16790594,2
-0.13009572,-0.111241505,2
0.014010178,-0.1716012,2
0.11369402,-0.13062395,2
-0.02696879,-0.17207362,2
-0.051862985,-0.16732176,2
-0.0550338,-0.16735987,2
0.12289298,-0.12762862,2
0.049785778,-0.17108138,2
-0.064217106,-0.16727625,2
0.1546268,-0.09249568,2
0.07537186,-0.16475953,2
0.14073884,-0.115684584,2
0.10726937,-0.14849027,2
0.112275675,-0.14600681,2
-0.08649673,-0.1637433,2
0.045441587,-0.18055569,2
0.09799263,-0.1594882,2
0.11042401,-0.15238547,2
0.0053766184,-0.18911277,2
0.018005779,-0.18933594,2
-0.10681583,-0.15857002,2
-0.034555886,-0.18906012,2
0.13519633,-0.13800566,2
0.06908105,-0.18149158,2
-0.09286809,-0.17168775,2
0.065378584,-0.18498267,2
-0.14790408,-0.13042668,2
0.10499643,-0.16810198,2
-0.05641723,-0.19104297,2
0.08158881,-0.18282063,2
0.046639703,-0.19572088,2
-0.110839434,-0.16911638,2
0.0046021845,-0.20315108,2
-0.09022025,-0.18319297,2
-0.060161564,-0.19618808,2
-0.0892925,-0.18587051,2
0.07360825,-0.19369216,2
0.0041334303,-0.20816718,2
-0.0644324,-0.1990401,2
0.06484329,-0.1999592,2
-0.1700298,-0.12529981,2
0.054071598,-0.20520791,2
0.0019227812,-0.21320455,2
0.07391339,-0.20105855,2
0.16999911,-0.13197686,2
-0.18961023,-0.10391061,2
-0.01711073,-0.21654224,2
0.0071832803,-0.21809995,2
-0.022253148,-0.21808682,2
-0.17533897,-0.13324109,2
0.057190083,-0.21370101,2
-0.12007864,-0.1869862,2
-0.006514857,-0.22312814,2
0.01058881,-0.22397406,2
-0.1166901,-0.1926391,2
-0.15670821,-0.16315894,2
-0.0054920493,-0.22716084,2
0.021260742,-0.2272358,2
0.06409837,-0.22008507,2
-0.17491399,-0.14970322,2
-0.007753055,-0.23110121,2
0.12985872,-0.19253188,2
-0.20186478,-0.116826154,2
0.076729305,-0.22131039,2
-0.16050616,-0.17196916,2
-0.105496004,-0.21137208,2
-0.118943654,-0.20526548,2
-0.023558024,-0.23707062,2
-0.13191614,-0.19958344,2
0.0985384,-0.2191017,2
-0.15821345,-0.18211491,2
-0.2266268,-0.08556632,2
-0.18798706,-0.15436368,2
0.12942368,-0.20713465,2
0.0075525157,-0.24512893,2
-0.090746656,-0.2289154,2
-0.16392002,-0.18509842,2
-0.10529101,-0.22481325,2
-0.06280848,-0.2412059,2
-0.18108112,-0.17272758,2
-0.22430767,-0.11319568,2
-0.10175795,-0.23081706,2
-0.19929744,-0.15626176,2
0.17108944,-0.18807878,2
-0.023615398,-0.2541605,2
-0.102330476,-0.23493774,2
-0.0850982,-0.24277478,2
-0.1775136,-0.18757997,2
-0.23202409,-0.11567274,2
-0.19804715,-0.16885713,2
-0.0797874,-0.24877986,2
0.033974744,-0.26005232,2
-0.20944728,-0.15949729,2
0.069874674,-0.25485903,2
-0.22148043,-0.14598657,2
-0.14531608,-0.22311647,2
-0.024981452,-0.2660972,2
-0.19889563,-0.1800233,2
-0.17348987,-0.2059301,2
-0.17271475,-0.2078837,2
-0.17045797,-0.2110265,2
-0.22009006,-0.16028899,2
-0.25507593,-0.09805382,2
-0.23077929,-0.1482137,2
-0.26272497,-0.082170956,2
-0.18822849,-0.20223407,2
-0.2772215,0.005561132,2
-0.24506006,-0.1318498,2
-0.14113612,-0.24099277,2
-0.07332866,-0.27051792,2
-0.22456302,-0.16938303,2
-0.050096195,-0.27780148,2
-0.098465554,-0.26561993,2
-0.23470078,-0.16041538,2
-0.15099792,-0.24204817,2
-0.112816945,-0.26312009,2
-0.21855733,-0.18645826,2
-0.23076513,-0.17279348,2
-0.20728694,-0.20179302,2
-0.19206266,-0.21767035,2
-0.28416127,-0.06405457,2
-0.26088804,-0.1318037,2
-0.21644443,-0.1979211,2
-0.24068396,0.16935278,2
-0.2574175,-0.14469117,2
-0.2961352,-0.009769903,2
-0.19182731,-0.22712983,2
-0.09110185,-0.28404635,2
-0.17046785,-0.24600972,2
-0.23104112,-0.19183397,2
-0.21051525,-0.21555929,2
-0.29977992,0.038970236,2
-0.25220707,-0.16847698,2
-0.29175672,-0.08648197,2
-0.26308987,-0.15490338,2
-0.23115744,-0.20097212,2
-0.274003,-0.1391407,2
-0.2865245,0.113831975,2
-0.20348139,-0.23295401,2
-0.30942988,-0.023358708,2
-0.17807488,-0.2553509,2
-0.24506167,-0.19360724,2
-0.28517902,-0.12976196,2
-0.30410168,-0.07947114,2
-0.2980172,0.1030024,2
-0.28832972,-0.13008453,2
-0.21865657,-0.22995561,2
-0.31785876,-0.017098423,2
-0.2720878,-0.16713183,2
-0.31118485,-0.07595457,2
-0.29509336,-0.12715067,2
-0.08297062,-0.31146035,2
-0.32242498,-0.024085328,2
-0.32420596,-0.008761415,2
-0.3214447,0.050098635,2
-0.26904288,0.18467487,2
-0.20698287,-0.25357696,2
-0.32825994,-0.0067000263,2
-0.328655,-0.021064041,2
-0.29478344,-0.14906658,2
-0.33091596,-0.016585635,2
-0.33231148,0.0037226765,2
-0.22299512,-0.24775854,2
-0.3328112,-0.03187715,2
-0.2633455,-0.20760283,2
-0.2911225,-0.16843346,2
-0.16020209,-0.29686996,2
-0.30958593,-0.13648953,2
-0.32701486,-0.09062263,2
-0.33803782,0.039521795,2
-0.33760568,-0.050361816,2
-0.21020153,-0.27021027,2
-0.32774734,0.1023051,2
-0.33891612,-0.060900584,2
-0.34217083,0.04671757,2
-0.32105997,0.12990873,2
-0.28212604,0.20262052,2
-0.21594907,0.273336,2
-0.34744102,-0.036465194,2
-0.34869933,0.03397285,2
-0.29241812,-0.19478044,2
-0.31049672,0.1665652,2
-0.287411,-0.20555656,2
-0.2143853,-0.28214526,2
-0.32635516,0.14060488,2
-0.3444497,-0.09134695,2
-0.32908773,0.13930379,2
-0.34927148,0.08018816,2
-0.2546247,-0.25358513,2
-0.090067424,-0.34892327,2
-0.3177061,-0.17217685,2
-0.36147684,0.025317352,2
-0.31180936,-0.18656863,2
-0.35351157,-0.08826646,2
-0.29354566,-0.21753801,2
-0.36000258,0.06798871,2
-0.3628409,0.05749145,2
-0.36576506,-0.043716915,2
-0.2492017,0.2726394,2
-0.23293816,0.28794795,2
-0.33687904,0.15629847,2
-0.27546015,-0.25056514,2
-0.34666157,-0.13868469,2
-0.34691837,0.14072601,2
-0.37256378,-0.045857362,2
-0.37604877,-0.015700445,2
-0.29782125,0.23176754,2
-0.33609435,0.17381248,2
-0.2391024,0.2945484,2
-0.38023913,0.010365702,2
-0.22509378,0.30787098,2
-0.3823383,-0.005806908,2
-0.20011552,0.32701162,2
-0.3630398,0.12630703,2
-0.3817032,-0.053146593,2
-0.3365181,-0.18986836,2
-0.3823655,0.062174,2
-0.38111585,0.07480801,2
-0.28203413,0.26847875,2
-0.37445956,0.11038433,2
-0.38779047,0.052969523,2
-0.243762,0.30749288,2
-0.3802143,0.100972496,2
-0.39265776,0.036970653,2
-0.30761927,0.24841075,2
-0.39151454,0.062019967,2
-0.29308197,0.2683797,2
-0.39536008,0.049109064,2
-0.37905243,0.12585358,2
-0.34784308,0.198307,2
-0.38738886,0.10513305,2
-0.3613999,0.17696841,2
-0.25708333,0.31087372,2
-0.3125635,0.25660667,2
-0.3013954,0.2711353,2
-0.39951608,0.07451893,2
-0.24076277,0.32865497,2
-0.26741287,0.3086872,2
-0.2092398,0.35190165,2
-0.4038547,0.07306221,2
-0.36755484,0.18483181,2
-0.26310387,0.3175852,2
-0.39867947,0.10938622,2
-0.36964038,0.18736404,2
-0.00651521,0.41536433,2
0.0030412634,0.41640532,2
-0.13865098,0.39371717,2
-0.19294387,0.37127703,2
-0.41627005,0.05130198,2
-0.26181793,0.32894483,2
-0.3752072,0.19187388,2
-0.41869217,0.056013912,2
-0.3870045,0.17179908,2
-0.31338635,0.2862256,2
-0.38868827,0.17293993,2
-0.38815275,0.17656991,2
-0.19069192,0.3825321,2
-0.3002076,0.30565718,2
-0.28371337,0.3223606,2
-0.30040962,0.30826032,2
-0.39489377,0.17375842,2
-0.43114802,0.033304684,2
-0.25992948,0.34684464,2
-0.3750786,0.21920156,2
-0.42559677,-0.09204022,2
-0.3586877,0.24863607,2
-0.42201594,0.11512629,2
-0.17034487,0.40399367,2
-0.20196225,0.39027974,2
-0.20334335,0.39069074,2
-0.3831026,0.21932383,2
-0.14860827,0.41673842,2
-0.22741257,0.38069096,2
-0.34626532,0.27862376,2
-0.35029724,0.27516082,2
-0.09826533,0.43549782,2
-0.3491218,0.2798628,2
-0.21359071,0.3943159,2
-0.054370448,0.4461487,2
0.14444503,0.42666292,2
0.095746875,0.4411813,2
-0.071103424,0.44683054,2
-0.44256026,0.09879499,2
-0.36503765,0.2706961,2
-0.3428443,0.29982904,2
0.11663938,0.44130233,2
-0.36055306,0.28154722,2
-0.15938732,0.42986026,2
-0.21530585,0.40588963,2
-0.3863908,0.25045153,2
-0.14831679,0.4369769,2
-0.14062382,0.4405638,2
-0.4183665,0.19941878,2
0.057142906,0.46093592,2
-0.46489638,0.023010118,2
-0.32252505,0.33699933,2
0.013049348,0.4672853,2
-0.4051159,0.23525268,2
-0.12201282,0.453337,2
-0.4140932,0.22331432,2
-0.2112241,0.42150888,2
-0.47246426,0.002784373,2
-0.3459495,0.32325855,2
-0.43489677,0.18971248,2
-0.2601217,0.3980121,2
-0.2593612,0.39970186,2
-0.30569574,0.36678994,2
0.024391906,0.47785634,2
-0.33768025,0.34040067,2
-0.005161741,0.48045275,2
0.22944374,0.42329657,2
-0.11393002,0.46883824,2
-0.32124478,0.3613282,2
-0.38326395,0.29636794,2
-0.28711027,0.39148927,2
0.041032553,0.48475295,2
-0.08730873,0.4796053,2
0.10686068,0.47665688,2
0.07185062,0.48418742,2
-0.076899834,0.48442474,2
0.009297394,0.49140355,2
0.32467046,0.3703214,2
0.24092169,0.43068847,2
-0.16452022,0.46632382,2
0.15447976,0.4707991,2
0.06197405,0.49261343,2
0.19850232,0.45618042,2
0.093192115,0.4897101,2
-0.29218692,0.40512535,2
-0.40346724,0.29616708,2
0.08414685,0.49439162,2
0.3753877,0.33405516,2
-0.23497726,0.44531053,2
-0.091185264,0.49619555,2
-0.28357467,0.41847488,2
0.25221726,0.439244,2
-0.47487685,0.17904145,2
-0.47007045,0.19394502,2
0.076071545,0.5037986,2
-0.03509947,0.5093025,2
-0.1302326,0.49465492,2
-0.08072323,0.50611544,2
0.13740955,0.49478757,2
-0.09944234,0.50481325,2
-0.25885072,0.44581673,2
-0.2159109,0.46922466,2
0.24200478,0.45744735,2
-0.10805331,0.50713503,2
-0.3061498,0.41972947,2
0.06414845,0.5165526,2
0.1714461,0.4925352,2
0.3588256,0.37983415,2
0.10987378,0.5118639,2
-0.113110736,0.5121835,2
0.184892,0.49192685,2
0.2506316,0.46304858,2
0.064765014,0.5235368,2
0.0686434,0.52405196,2
0.15274933,0.5070199,2
0.072789684,0.52551335,2
0.16094868,0.506578,2
-0.16669403,0.5057707,2
-0.19423893,0.49691978,2
-0.10904999,0.5232927,2
0.27704474,0.45830616,2
0.1900234,0.50175947,2
0.3713926,0.38860536,2
0.085426114,0.53172,2
-0.16416289,0.51395863,2
0.40428752,0.35879752,2
0.14616284,0.52144384,2
0.43633962,0.3224285,2
0.30765536,0.44809347,2
0.5372572,0.08878882,2
0.11523268,0.5332367,2
0.38557225,0.38735923,2
0.38834137,0.38600427,2
0.04120163,0.54699904,2
0.1500286,0.52867395,2
-0.19296795,0.5156251,2
-0.21052158,0.5097939,2
0.24335632,0.49607664,2
0.39682412,0.3859432,2
0.37056556,0.41256747,2
0.3103931,0.46075818,2
0.42335165,0.36128742,2
0.08220958,0.55146354,2
0.17388844,0.5308017,2
0.41352594,0.37696576,2
0.35656846,0.43253565,2
0.20713642,0.5219635,2
0.5142382,0.22811346,2
-0.08037447,0.5578027,2
0.14162476,0.5465122,2
0.21041812,0.52496535,2
0.45793337,0.3336086,2
0.2938135,0.4855992,2
-0.044190835,0.56684864,2
0.41642153,0.3885905,2
0.5127571,0.2502617,2
0.46579692,0.3312511,2
0.44942188,0.35476658,2
-0.18811944,0.5418466,2
0.093276225,0.5669528,2
0.4377148,0.37375528,2
0.32821012,0.474045,2
0.45397645,0.35707316,2
0.011497456,0.5784643,2
0.34253585,0.46752718,2
-0.0126707265,0.5804423,2
-0.16840142,0.556667,2
0.4341947,0.38842943,2
0.5263947,0.25194922,2
0.4337085,0.39196438,2
0.38019967,0.4453748,2
-0.02807653,0.58591425,2
0.5569013,0.18740366,2
0.39300382,0.4381604,2
0.5808758,-0.100991115,2
0.55939496,0.18940578,2
-0.12874952,0.5774116,2
0.5457939,0.23081379,2
0.062169794,0.59032893,2
0.24973601,0.53960603,2
0.3827067,0.45636573,2
0.4221929,0.42152184,2
0.51597995,0.3014757,2
0.2006501,0.56396794,2
0.17025492,0.57491994,2
0.55383575,0.23235108,2
0.46239093,0.38486248,2
0.50061804,0.3354273,2
-0.11609758,0.59233326,2
0.4440027,0.41037583,2
0.2785544,0.5377412,2
0.27635133,0.5400014,2
0.5992055,0.10069635,2
0.24008805,0.5592514,2
0.24685161,0.5573941,2
0.44135526,0.4219607,2
0.5719133,0.21675783,2
0.32092392,0.5218257,2
0.6128568,-0.03046605,2
0.60600954,-0.102486886,2
0.33875677,0.5140296,2
0.4871555,0.3780153,2
0.37578514,0.49013984,2
0.12941326,0.60493076,2
0.58080393,0.21585934,2
0.6153407,0.08078217,2
0.53988373,-0.3081217,2
0.3742104,0.49761984,2
0.6110913,-0.124393724,2
0.6103917,-0.13258187,2
0.5880478,0.21355839,2
0.6208244,0.08507643,2
0.6276001,-0.0058840895,2
0.5293113,-0.33912164,2
0.6207297,0.10549008,2
0.5739293,0.26134294,2
0.43077132,0.46194652,2
0.6167499,0.14086737,2
0.6269951,-0.09148081,2
0.6172081,0.14769988,2
0.4706196,0.42725852,2
0.6095717,0.18365335,2
0.5893346,0.24344702,2
0.62776667,0.117338374,2
0.2682339,0.58068013,2
0.6404893,0.013924399,2
0.6416057,-0.0067951437,2
0.641682,0.03512503,2
0.6204994,0.17104875,2
0.2573971,0.59102744,2
0.62448287,0.16394955,2
0.6190342,-0.18694544,2
0.5127759,0.39561138,2
0.22796212,0.60727125,2
0.3633141,0.5385606,2
0.65012974,0.02603092,2
0.65165156,0.00037992507,2
0.6296757,-0.17165093,2
0.6413121,0.12641926,2
0.4032602,0.5157072,2
0.55681556,0.34618023,2
0.6324358,-0.17670015,2
0.6566003,0.03727776,2
0.64446676,-0.13599198,2
0.6556398,-0.07271362,2
0.6475686,0.13087176,2
0.65167934,0.11449977,2
0.436529,-0.49856216,2
0.65712994,-0.09289634,2
0.6597901,0.080350175,2
0.6548119,-0.11971678,2
0.66481334,-0.049675263,2
0.29955095,0.5966987,2
0.6371635,-0.2028311,2
0.41436705,-0.5260774,2
0.6210789,0.253101,2
0.49591917,-0.45299783,2
0.6689506,0.07066527,2
0.66279745,-0.12056435,2
0.56493497,-0.3688284,2
0.6441287,0.20404865,2
0.5242555,-0.4278405,2
0.5833751,0.34484857,2
0.636519,0.23547457,2
0.66565454,0.13736276,2
0.61749756,-0.2863964,2
0.68056846,0.038942315,2
0.5489201,0.40588465,2
0.6834695,-0.017112762,2
0.66360205,0.16859844,2
0.59540313,-0.3400882,2
0.6866631,0.0056913444,2
0.67276186,-0.14249857,2
0.6885593,0.013350708,2
0.63243836,-0.27512473,2
0.686396,-0.076903306,2
0.6433761,-0.25397748,2
0.33056858,0.6087262,2
0.66628855,-0.19305567,2
0.6254251,-0.3023973,2
0.68748593,-0.10656248,2
0.5757449,-0.3923061,2
0.5584754,-0.41819534,2
0.41458732,-0.5624031,2
0.65826523,-0.23720576,2
0.55635834,0.42596585,2
0.4739392,0.51746196,2
0.6241253,0.32289118,2
0.66917783,-0.21771517,2
0.6801316,-0.18447134,2
0.622122,-0.33314374,2
0.7057912,-0.03596046,2
0.7076978,-0.0037465463,2
0.5594076,-0.43512204,2
0.53285104,-0.4687831,2
0.6839587,-0.19315854,2
0.65708774,-0.27343968,2
0.5776722,-0.41743776,2
0.552365,-0.45197362,2
0.708833,0.09150381,2
0.71256727,-0.06705901,2
0.7084918,0.10826928,2
0.7003897,-0.15675776,2
0.45247272,-0.55841297,2
0.5182973,-0.499364,2
0.71997875,0.03269459,2
0.51822567,-0.50231904,2
0.6097791,-0.38794017,2
0.69417554,-0.20468594,2
0.71552336,0.1151185,2
0.64824307,-0.32628015,2
0.44963023,-0.5709329,2
0.63589716,0.3538678,2
0.6751962,-0.27414542,2
-0.10912541,-0.7215242,2
0.4309242,-0.5901455,2
0.53853357,-0.49539167,2
0.70900214,-0.18496828,2
0.70211583,-0.21306928,2
0.6055029,-0.41617468,2
0.08482133,-0.73082995,2
0.45990837,-0.5755565,2
0.71698356,-0.17375703,2
0.21729077,-0.7060592,2
0.6315868,-0.3851143,2
0.013520187,-0.74061733,2
0.6740389,-0.30960035,2
0.72447306,-0.16372402,2
0.5067369,-0.54440105,2
0.24535751,-0.70316744,2
0.21906741,-0.7128437,2
0.49646205,-0.5578137,2
0.71864945,-0.20656638,2
0.64554083,-0.37934378,2
0.73245883,0.16008979,2
0.70589936,-0.25560278,2
0.5628096,-0.49837342,2
0.3949326,-0.6408315,2
0.5934796,-0.46467918,2
0.5173765,-0.5495237,2
0.5989234,-0.46093115,2
0.24611908,-0.7156159,2
0.69050795,-0.31208268,2
0.20090163,-0.7316785,2
-0.22721134,-0.7249896,2
0.31736812,-0.69140035,2
0.60617983,-0.46133178,2
0.6044634,-0.46522146,2
0.02426653,-0.76337814,2
0.70997846,-0.2842459,2
0.68021154,-0.3517236,2
0.71152586,-0.2857661,2
0.72511727,-0.2523337,2
0.6882616,-0.34249288,2
0.13908648,-0.75710005,2
0.01193483,-0.77067834,2
0.6070135,-0.4766196,2
0.33120793,-0.698197,2
0.12099762,-0.7642548,2
0.35523248,-0.6885389,2
0.65028626,-0.42303172,2
0.7351077,-0.2509957,2
-0.0067336885,-0.77774864,2
0.18394986,-0.75674224,2
0.14578108,-0.76603156,2
0.66545236,-0.4084015,2
0.25999722,-0.7372816,2
0.10303237,-0.7759724,2
0.2162107,-0.7533724,2
0.5624218,-0.5473288,2
-0.07035469,-0.78262985,2
0.7245209,-0.30676186,2
-0.05346145,-0.7859717,2
-0.121057816,-0.77944386,2
-0.31462145,-0.72441787,2
0.40499395,-0.67921275,2
0.5980503,-0.5189124,2
-0.040046126,-0.7917807,2
0.5028286,-0.61422473,2
0.23820758,-0.75825846,2
0.36402375,-0.70765644,2
0.547428,-0.57897127,2
0.10805265,-0.7904467,2
0.6644458,-0.44338614,2
-0.01580859,-0.7996436,2
0.54573464,-0.58605087,2
0.72246253,-0.34775573,2
0.21518448,-0.7734261,2
0.016459882,-0.80363524,2
-0.050011694,-0.8032494,2
-0.15447856,-0.7908599,2
0.7926345,-0.15055817,2
0.51967967,-0.61845493,2
0.107190296,-0.8016744,2
-0.44600502,-0.67592263,2
-0.18140799,-0.7902565,2
-0.57921255,-0.56881565,2
0.3230071,-0.7458761,2
-0.00082419073,-0.8138134,2
0.50992024,-0.6355348,2
0.2553517,-0.7748232,2
0.37269965,-0.726832,2
0.32835084,-0.74900717,2
0.22854297,-0.78627753,2
0.06124648,-0.81752884,2
0.04513824,-0.81957877,2
-0.17582417,-0.8027932,2
-0.019654198,-0.822588,2
0.17021793,-0.80604684,2
0.23378485,-0.79099977,2
0.13942334,-0.8139714,2
0.1889682,-0.80494326,2
-0.20435059,-0.8022093,2
-0.35805988,-0.74749607,2
-0.5094292,-0.6550568,2
0.296469,-0.7761353,2
-0.22881842,-0.7997414,2
0.49959594,-0.66634405,2
-0.2067719,-0.80778974,2
-0.4819041,-0.681702,2
-0.0077144234,-0.83580023,2
-0.49325636,-0.67601335,2
0.37588492,-0.7487875,2
0.27203265,-0.7935042,2
-0.047140274,-0.8385158,2
-0.50563294,-0.6718249,2
0.054370534,-0.84008425,2
0.061205596,-0.8406176,2
0.27480614,-0.79784334,2
-0.22986634,-0.8129725,2
-0.6111591,-0.5847562,2
-0.43864024,-0.72439235,2
-0.4449432,-0.7217143,2
-0.093748234,-0.8436561,2
0.04883102,-0.84844583,2
-0.4611486,-0.71504486,2
-0.19273396,-0.82976216,2
-0.14209375,-0.8409324,2
-0.5587207,-0.645676,2
-0.14910735,-0.84175044,2
0.1149045,-0.8481074,2
-0.58333224,-0.62763613,2
-0.28980547,-0.8074236,2
0.17421316,-0.8410044,2
0.19786027,-0.8367857,2
-0.32089373,-0.79881704,2
-0.86042225,-0.04979368,2
-0.13566734,-0.85213065,2
-0.16837752,-0.8472956,2
-0.7844672,-0.36414614,2
-0.30152202,-0.81167,2
0.28081906,-0.8201212,2
0.3235643,-0.80529547,2
-0.7438437,-0.44903195,2
-0.59772044,-0.63198406,2
-0.65279335,-0.5764347,2
-0.35193408,-0.797686,2
-0.0793556,-0.86925817,2
-0.30442464,-0.8191344,2
-0.45162714,-0.7492923,2
-0.05712722,-0.87401086,2
-0.613665,-0.6263612,2
0.109756835,-0.8709897,2
-0.29977626,-0.8261733,2
-0.3607563,-0.8025232,2
-0.16546682,-0.86520046,2
0.46714848,-0.7479893,2
-0.61992705,-0.6286276,2
-0.16400294,-0.8685354,2
-0.8361509,-0.2896083,2
-0.35599127,-0.81121147,2
-0.2822284,-0.84078264,2
-0.5375539,-0.70666873,2
-0.8081468,-0.3701651,2
-0.29916596,-0.8380953,2
-0.81021494,-0.37045687,2
-0.8730237,-0.18248488,2
-0.8149116,-0.364934,2
-0.89003307,-0.082990564,2
-0.86710614,-0.22127761,2
-0.888483,-0.11501051,2
-0.89444244,-0.06630807,2
-0.6495181,-0.6199572,2
-0.43098915,-0.7888394,2
0.35578197,-0.82658273,2
-0.06598459,-0.8984812,2
-0.44856265,-0.782444,2
-0.4825341,-0.7631478,2
-0.574188,-0.69810486,2
-0.24514492,-0.8710665,2
0.011924714,-0.9058274,2
-0.60453427,-0.6760314,2
-0.59182996,-0.6885013,2
-0.36311477,-0.8332245,2
-0.39879933,-0.81786007,2
-0.32489112,-0.85100204,2
-0.5493495,-0.72787255,2
-0.37777963,-0.8310791,2
-0.9112721,-0.06943929,2
-0.7675493,-0.49793312,2
-0.355549,-0.8440894,2
-0.62809324,-0.6680086,2
-0.28412643,-0.8728376,2
-0.9086201,-0.13719147,2
-0.91893995,0.042450596,2
-0.9208756,-0.009135399,2
-0.33556247,-0.85868376,2
-0.7282328,-0.56697774,2
-0.63926476,-0.6670652,2
-0.8794513,-0.28644654,2
-0.42837018,-0.82087624,2
-0.5661075,-0.73397267,2
-0.6645786,-0.6475998,2
-0.8242996,-0.428298,2
-0.91162044,-0.18362425,2
-0.71190447,-0.5998537,2
-0.91448057,-0.17950591,2
-0.92781806,-0.09755786,2
-0.76421165,-0.53685486,2
-0.40850413,-0.8409683,2
-0.4482436,-0.82161653,2
-0.9218167,-0.1676448,2
-0.71503496,-0.6070029,2
-0.2402402,-0.9076844,2
-0.9308411,-0.13046835,2
-0.8769435,-0.34108636,2
-0.40300068,-0.8513783,2
-0.9287031,0.16325396,2
-0.9438687,0.011919105,2
-0.8950823,-0.30290037,2
-0.49279243,-0.8074462,2
-0.4489715,-0.83374643,2
-0.823031,-0.47034588,2
-0.3326893,-0.88871926,2
-0.94024146,-0.1354655,2
-0.48054373,-0.8206006,2
-0.9239487,-0.22919704,2
-0.854037,-0.4227768,2
-0.95274734,0.04796552,2
-0.6891823,-0.66103464,2
-0.94540566,-0.14163296,2
-0.53861195,-0.7909891,2
-0.94959605,0.12629643,2
-0.9123607,-0.29529676,2
-0.9599572,0.002298855,2
-0.6005117,-0.750221,2
-0.9616842,0.0231152,2
-0.96108884,-0.060048822,2
-0.9636946,-0.022787549,2
-0.96422505,-0.03778182,2
-0.92775667,-0.26899418,2
-0.87271595,0.4164036,2
-0.93943644,-0.2332835,2
-0.83845985,-0.4856809,2
-0.95519,-0.16868253,2
-0.7954763,-0.5567783,2
-0.9105497,-0.34004232,2
-0.95279276,-0.19713531,2
-0.93185294,-0.2833292,2
-0.9749659,0.0042100055,2
-0.6161773,0.7568716,2
-0.95549035,0.20376992,2
-0.8715796,0.44361013,2
-0.93314856,-0.2960298,2
-0.92425966,-0.32573742,2
-0.9563836,-0.21829833,2
-0.90403104,0.38342738,2
-0.45517328,-0.8712479,2
-0.853003,-0.49052042,2
-0.98344713,0.05501976,2
-0.9813208,-0.09580135,2
-0.52610546,0.83507866,2
-0.95513856,0.25264722,2
-0.9487225,-0.2793294,2
-0.7350461,-0.66316473,2
-0.9854811,-0.10435603,2
-0.8314886,-0.5409942,2
-0.9431526,0.3106417,2
-0.9787494,0.17341764,2
-0.96030504,0.26044065,2
-0.40283135,0.91089785,2
-0.94355834,-0.32202584,2
-0.99725276,0.038560685,2
-0.8945346,-0.4447548,2
-0.99344397,0.11432005,2
